param_tfhe,operation,temps_s,nb_chiffres,type_donnee,echelle
FheUint16,Chiffrement,0.0008329909999999,1,entier,
FheUint16,Shift,7.232e-06,1,entier,
FheUint16,Addition constante,0.120617264,1,entier,
FheUint16,Multiplication constante,0.042323265,1,entier,
FheUint16,Casting,5.959e-06,1,entier,
FheUint16,ET binaire,1.4736e-05,1,entier,
FheUint16,OU binaire,2.912e-06,1,entier,
FheUint16,NOT,1.1053e-05,1,entier,
FheUint16,Dechiffrement,1.3492e-05,1,entier,
FheUint32,Chiffrement,0.0014369,1,entier,
FheUint32,Shift,1.2704e-05,1,entier,
FheUint32,Addition constante,0.219452607,1,entier,
FheUint32,Multiplication constante,0.072966084,1,entier,
FheUint32,Casting,9.259e-06,1,entier,
FheUint32,ET binaire,2.2758e-05,1,entier,
FheUint32,OU binaire,2.701e-06,1,entier,
FheUint32,NOT,1.7239000000000002e-05,1,entier,
FheUint32,Dechiffrement,2.2702e-05,1,entier,
FheUint64,Chiffrement,0.002907695,1,entier,
FheUint64,Shift,3.2130000000000006e-05,1,entier,
FheUint64,Addition constante,0.4917121969999999,1,entier,
FheUint64,Multiplication constante,0.161336802,1,entier,
FheUint64,Casting,2.8166e-05,1,entier,
FheUint64,ET binaire,5.2438e-05,1,entier,
FheUint64,OU binaire,3.556e-06,1,entier,
FheUint64,NOT,3.8661e-05,1,entier,
FheUint64,Dechiffrement,5.0581e-05,1,entier,
FheUint128,Chiffrement,0.00591526,1,entier,
FheUint128,Shift,9.1697e-05,1,entier,
FheUint128,Addition constante,1.099972889,1,entier,
FheUint128,Multiplication constante,0.355397237,1,entier,
FheUint128,Casting,8.354099999999999e-05,1,entier,
FheUint128,ET binaire,0.000242881,1,entier,
FheUint128,OU binaire,4.972e-06,1,entier,
FheUint128,NOT,0.000111932,1,entier,
FheUint128,Dechiffrement,0.000102801,1,entier,
FheUint256,Chiffrement,0.011529584,1,entier,
FheUint256,Shift,0.000211564,1,entier,
FheUint256,Addition constante,2.193878011,1,entier,
FheUint256,Multiplication constante,0.6830050089999999,1,entier,
FheUint256,Casting,0.0002087829999999,1,entier,
FheUint256,ET binaire,0.000604782,1,entier,
FheUint256,OU binaire,5.32e-06,1,entier,
FheUint256,NOT,0.000253671,1,entier,
FheUint256,Dechiffrement,5.5916e-05,1,entier,
FheUint512,Chiffrement,0.028489648,1,entier,
FheUint512,Shift,0.000740504,1,entier,
FheUint512,Addition constante,5.858141563,1,entier,
FheUint512,Multiplication constante,1.679207772,1,entier,
FheUint512,Casting,0.000586609,1,entier,
FheUint512,ET binaire,0.001864558,1,entier,
FheUint512,OU binaire,1.065e-05,1,entier,
FheUint512,NOT,0.000677793,1,entier,
FheUint512,Dechiffrement,6.6564e-05,1,entier,
FheUint1024,Chiffrement,0.056104658,1,entier,
FheUint1024,Shift,0.003093332,1,entier,
FheUint1024,Addition constante,12.105080288,1,entier,
FheUint1024,Multiplication constante,3.357857584,1,entier,
FheUint1024,Casting,0.001234497,1,entier,
FheUint1024,ET binaire,0.003903601,1,entier,
FheUint1024,OU binaire,1.1394e-05,1,entier,
FheUint1024,NOT,0.00169097,1,entier,
FheUint1024,Dechiffrement,6.611799999999999e-05,1,entier,
FheUint2048,Chiffrement,0.1104195549999999,1,entier,
FheUint2048,Shift,0.006562523,1,entier,
FheUint2048,Addition constante,23.864846124000003,1,entier,
FheUint2048,Multiplication constante,7.578268466,1,entier,
FheUint2048,Casting,0.002413889,1,entier,
FheUint2048,ET binaire,0.010779234,1,entier,
FheUint2048,OU binaire,1.2544e-05,1,entier,
FheUint2048,NOT,0.003998976,1,entier,
FheUint2048,Dechiffrement,9.948e-05,1,entier,
FheUint8,Addition,0.092297693,2,entier,
FheUint8,Soustraction,0.093202893,2,entier,
FheUint8,Multiplication,0.189800295,2,entier,
FheUint8,Division,1.296846253,2,entier,
FheUint8,ET binaire,0.032876169,2,entier,
FheUint8,OU binaire,0.033048385,2,entier,
FheUint8,XOR binaire,0.032189504,2,entier,
FheUint8,Egalite,0.052288028,2,entier,
FheUint8,Inegalite,0.051694383,2,entier,
FheUint8,Superieur,0.050693836,2,entier,
FheUint8,Superieur ou egal,0.050516097,2,entier,
FheUint16,Addition,0.159315901,2,entier,
FheUint16,Soustraction,0.164781039,2,entier,
FheUint16,Multiplication,0.806418305,2,entier,
FheUint16,Division,4.738001629,2,entier,
FheUint16,ET binaire,0.059992443,2,entier,
FheUint16,OU binaire,0.0587970779999999,2,entier,
FheUint16,XOR binaire,0.058519008,2,entier,
FheUint16,Egalite,0.105805724,2,entier,
FheUint16,Inegalite,0.100835244,2,entier,
FheUint16,Superieur,0.098766179,2,entier,
FheUint16,Superieur ou egal,0.098239399,2,entier,
FheUint32,Addition,0.349194552,2,entier,
FheUint32,Soustraction,0.371017134,2,entier,
FheUint32,Multiplication,3.401475257,2,entier,
FheUint32,Division,18.336281913,2,entier,
FheUint32,ET binaire,0.119742028,2,entier,
FheUint32,OU binaire,0.118730902,2,entier,
FheUint32,XOR binaire,0.117874755,2,entier,
FheUint32,Egalite,0.190399072,2,entier,
FheUint32,Inegalite,0.179709295,2,entier,
FheUint32,Superieur,0.2057094549999999,2,entier,
FheUint32,Superieur ou egal,0.201332309,2,entier,
FheUint64,Addition,0.8413218,2,entier,
FheUint64,Soustraction,0.873508673,2,entier,
FheUint64,Multiplication,14.56270346,2,entier,
FheUint64,Division,78.23615906200001,2,entier,
FheUint64,ET binaire,0.2699203979999999,2,entier,
FheUint64,OU binaire,0.271226977,2,entier,
FheUint64,XOR binaire,0.2692482739999999,2,entier,
FheUint64,Egalite,0.402135556,2,entier,
FheUint64,Inegalite,0.385062165,2,entier,
FheUint64,Superieur,0.441766627,2,entier,
FheUint64,Superieur ou egal,0.436257638,2,entier,
FheUint128,Addition,1.64396842,2,entier,
FheUint128,Soustraction,1.668927962,2,entier,
FheUint128,Multiplication,56.621668454,2,entier,
FheUint128,Division,287.619345882,2,entier,
FheUint128,ET binaire,0.499984006,2,entier,
FheUint128,OU binaire,0.499115527,2,entier,
FheUint128,XOR binaire,0.49997837,2,entier,
FheUint128,Egalite,0.6814604550000001,2,entier,
FheUint128,Inegalite,0.65554825,2,entier,
FheUint128,Superieur,1.005764136,2,entier,
FheUint128,Superieur ou egal,1.000023832,2,entier,
FheUint256,Addition,3.567151456,2,entier,
FheUint256,Soustraction,3.521901218,2,entier,
FheUint256,Multiplication,194.023101801,2,entier,
FheUint256,ET binaire,0.8885666959999999,2,entier,
FheUint256,OU binaire,0.885444396,2,entier,
FheUint256,XOR binaire,0.887520996,2,entier,
FheUint256,Egalite,1.168027244,2,entier,
FheUint256,Inegalite,1.150647008,2,entier,
FheUint256,Superieur,1.947630923,2,entier,
FheUint256,Superieur ou egal,1.982936872,2,entier,
FheUint512,Addition,7.784081202999999,2,entier,
FheUint512,Soustraction,7.470255288000001,2,entier,
FheUint512,Multiplication,762.147148907,2,entier,
FheUint512,ET binaire,1.770527361,2,entier,
FheUint512,OU binaire,1.791392894,2,entier,
FheUint512,XOR binaire,1.790479154,2,entier,
FheUint512,Egalite,2.281092306,2,entier,
FheUint512,Inegalite,2.24839477,2,entier,
FheUint512,Superieur,4.357999199,2,entier,
FheUint512,Superieur ou egal,4.34045795,2,entier,
FheUint8,Tri,507.719379917,128,entier,
FheUint16,Tri,837.181609582,128,entier,
FheUint32,Tri,1665.054155996,128,entier,
FheUint16,Tri,11.175285251,8,entier,
FheUint16,Tri,37.140943489,16,entier,
FheUint16,Tri,114.341592514,32,entier,
FheUint16,Tri,311.997227768,64,entier,
FheUint16,Tri,837.181609582,128,entier,
FheUint16,Tri,2143.524898918,256,entier,
FheUint16,Tri,5373.237146841,512,entier,
FheUint16,Tri,12982.072423754,1028,entier,
FheUint16,Tri,31102.769062904,2048,entier,
FheUint64,Programme Addition,1.83756495,2,entier,
FheUint64,Programme Soustraction,1.894289713,2,entier,
FheUint64,Programme Multiplication,14.282273838,2,entier,
FheUint64,Programme Division,72.462064449,2,entier,
Global,Generation cles,0.682,0,entier,
FheInt64,Chiffrement,0.003535171,2,flottant,1000.0
FheInt64,Chiffrement,0.003619915,2,flottant,1000000.0
FheInt64,Generation cles,1.094957687,2,flottant,1000.0
FheInt64,Generation cles,1.08326463,2,flottant,1000000.0
FheInt64,Addition,0.78265927,2,flottant,1000.0
FheInt64,Addition,0.814207712,2,flottant,1000000.0
FheInt64,Soustraction,0.762669487,2,flottant,1000.0
FheInt64,Soustraction,0.801113175,2,flottant,1000000.0
FheInt64,Multiplication,13.031773567,2,flottant,1000.0
FheInt64,Multiplication,14.055032123,2,flottant,1000000.0
FheInt64,Division,74.999825657,2,flottant,1000.0
FheInt64,Division,79.121153683,2,flottant,1000000.0
FheInt64,ET binaire,0.226110589,2,flottant,1000.0
FheInt64,ET binaire,0.241049094,2,flottant,1000000.0
FheInt64,OU binaire,0.2281708549999999,2,flottant,1000.0
FheInt64,OU binaire,0.242838415,2,flottant,1000000.0
FheInt64,XOR binaire,0.226719395,2,flottant,1000.0
FheInt64,XOR binaire,0.241592229,2,flottant,1000000.0
FheInt64,Egalite,0.3496827819999999,2,flottant,1000.0
FheInt64,Egalite,0.370338026,2,flottant,1000000.0
FheInt64,Inegalite,0.349317717,2,flottant,1000.0
FheInt64,Inegalite,0.366521332,2,flottant,1000000.0
FheInt64,Superieur,0.41495611,2,flottant,1000.0
FheInt64,Superieur,0.434053627,2,flottant,1000000.0
FheInt64,Superieur ou egal,0.4119551,2,flottant,1000.0
FheInt64,Superieur ou egal,0.432027594,2,flottant,1000000.0
FheInt64,Dechiffrement,7.1316e-05,2,flottant,1000.0
FheInt64,Dechiffrement,7.187699999999999e-05,2,flottant,1000000.0
FheInt64,Programme Soustraction,1.843317755,2,flottant,1000.0
FheInt64,Programme Soustraction,1.827881076,2,flottant,1000000.0
FheInt64,Programme Soustraction,1.846761044,2,flottant,1000000000.0
FheInt64,Programme Addition,1.881751513,2,flottant,1000.0
FheInt64,Programme Addition,1.878958681,2,flottant,1000000.0
FheInt64,Programme Addition,1.847345224,2,flottant,1000000000.0
FheInt64,Programme Multiplication,14.502131521,2,flottant,1000.0
FheInt64,Programme Multiplication,14.542608163,2,flottant,1000000.0
FheInt64,Programme Multiplication,14.365884401,2,flottant,1000000000.0
FheInt64,Programme Division,76.86248451,2,flottant,1000.0
FheInt64,Programme Division,77.630934641,2,flottant,1000000.0
FheInt64,Programme Division,77.440679578,2,flottant,1000000000.0
FheUint16,Chiffrement,0.000893527,1,entier,
FheUint16,Chiffrement,0.000927595,1,entier,
FheUint16,Chiffrement,0.0009433089999999,1,entier,
FheUint16,Chiffrement,0.000936802,1,entier,
FheUint16,Chiffrement,0.00092597,1,entier,
FheUint16,Chiffrement,0.000926207,1,entier,
FheUint16,Chiffrement,0.000934416,1,entier,
FheUint16,Chiffrement,0.000924586,1,entier,
FheUint16,Chiffrement,0.000923894,1,entier,
FheUint16,Chiffrement,0.000929541,1,entier,
FheUint16,Shift,5.0736e-05,1,entier,
FheUint16,Shift,7.125e-06,1,entier,
FheUint16,Shift,8.8e-06,1,entier,
FheUint16,Shift,8.477e-06,1,entier,
FheUint16,Shift,8.101000000000001e-06,1,entier,
FheUint16,Shift,1.2025e-05,1,entier,
FheUint16,Shift,9.002000000000001e-06,1,entier,
FheUint16,Shift,7.873e-06,1,entier,
FheUint16,Shift,7.824e-06,1,entier,
FheUint16,Shift,8.494999999999999e-06,1,entier,
FheUint16,Addition constante,0.209273946,1,entier,
FheUint16,Addition constante,0.20287698,1,entier,
FheUint16,Addition constante,0.191938122,1,entier,
FheUint16,Addition constante,0.186108268,1,entier,
FheUint16,Addition constante,0.1920219,1,entier,
FheUint16,Addition constante,0.186436941,1,entier,
FheUint16,Addition constante,0.185517495,1,entier,
FheUint16,Addition constante,0.176435361,1,entier,
FheUint16,Addition constante,0.1856855909999999,1,entier,
FheUint16,Addition constante,0.196134019,1,entier,
FheUint16,Multiplication constante,0.05580051,1,entier,
FheUint16,Multiplication constante,0.055707519,1,entier,
FheUint16,Multiplication constante,0.055760538,1,entier,
FheUint16,Multiplication constante,0.055979508,1,entier,
FheUint16,Multiplication constante,0.055736625,1,entier,
FheUint16,Multiplication constante,0.060655352,1,entier,
FheUint16,Multiplication constante,0.0548558299999999,1,entier,
FheUint16,Multiplication constante,0.056080643,1,entier,
FheUint16,Multiplication constante,0.055278872,1,entier,
FheUint16,Multiplication constante,0.055867129,1,entier,
FheUint16,Casting,8.613e-06,1,entier,
FheUint16,Casting,1.2866e-05,1,entier,
FheUint16,Casting,1.1834e-05,1,entier,
FheUint16,Casting,1.236e-05,1,entier,
FheUint16,Casting,1.3265e-05,1,entier,
FheUint16,Casting,1.123e-05,1,entier,
FheUint16,Casting,1.1517e-05,1,entier,
FheUint16,Casting,1.8086e-05,1,entier,
FheUint16,Casting,1.215e-05,1,entier,
FheUint16,Casting,1.1897e-05,1,entier,
FheUint16,ET binaire,2.2322e-05,1,entier,
FheUint16,ET binaire,1.4856e-05,1,entier,
FheUint16,ET binaire,1.552e-05,1,entier,
FheUint16,ET binaire,2.2875e-05,1,entier,
FheUint16,ET binaire,2.5008e-05,1,entier,
FheUint16,ET binaire,1.6628e-05,1,entier,
FheUint16,ET binaire,1.7245999999999997e-05,1,entier,
FheUint16,ET binaire,2.1296e-05,1,entier,
FheUint16,ET binaire,1.7168e-05,1,entier,
FheUint16,ET binaire,1.7265999999999997e-05,1,entier,
FheUint16,OU binaire,4.783000000000001e-06,1,entier,
FheUint16,OU binaire,4.234e-06,1,entier,
FheUint16,OU binaire,5.537e-06,1,entier,
FheUint16,OU binaire,5.711e-06,1,entier,
FheUint16,OU binaire,5.418999999999999e-06,1,entier,
FheUint16,OU binaire,4.910999999999999e-06,1,entier,
FheUint16,OU binaire,5.247e-06,1,entier,
FheUint16,OU binaire,5.081e-06,1,entier,
FheUint16,OU binaire,5.0410000000000005e-06,1,entier,
FheUint16,OU binaire,5.027e-06,1,entier,
FheUint16,NOT,1.3497e-05,1,entier,
FheUint16,NOT,1.8864e-05,1,entier,
FheUint16,NOT,1.8041e-05,1,entier,
FheUint16,NOT,1.9873e-05,1,entier,
FheUint16,NOT,2.3459e-05,1,entier,
FheUint16,NOT,1.7174e-05,1,entier,
FheUint16,NOT,1.8375e-05,1,entier,
FheUint16,NOT,1.869e-05,1,entier,
FheUint16,NOT,1.8672e-05,1,entier,
FheUint16,NOT,1.7847e-05,1,entier,
FheUint16,Dechiffrement,1.7193000000000003e-05,1,entier,
FheUint16,Dechiffrement,1.709e-05,1,entier,
FheUint16,Dechiffrement,2.0485e-05,1,entier,
FheUint16,Dechiffrement,1.6431999999999998e-05,1,entier,
FheUint16,Dechiffrement,2.9784e-05,1,entier,
FheUint16,Dechiffrement,1.6385000000000003e-05,1,entier,
FheUint16,Dechiffrement,1.7691e-05,1,entier,
FheUint16,Dechiffrement,1.8952e-05,1,entier,
FheUint16,Dechiffrement,2.1676e-05,1,entier,
FheUint16,Dechiffrement,2.3412e-05,1,entier,
FheUint32,Chiffrement,0.0017636829999999,1,entier,
FheUint32,Chiffrement,0.001742378,1,entier,
FheUint32,Chiffrement,0.001744172,1,entier,
FheUint32,Chiffrement,0.0017439439999999,1,entier,
FheUint32,Chiffrement,0.001745132,1,entier,
FheUint32,Chiffrement,0.001740941,1,entier,
FheUint32,Chiffrement,0.001778492,1,entier,
FheUint32,Chiffrement,0.0017895209999999,1,entier,
FheUint32,Chiffrement,0.001806214,1,entier,
FheUint32,Chiffrement,0.001743519,1,entier,
FheUint32,Shift,9.4901e-05,1,entier,
FheUint32,Shift,1.3695e-05,1,entier,
FheUint32,Shift,1.4122e-05,1,entier,
FheUint32,Shift,1.4261e-05,1,entier,
FheUint32,Shift,1.4253e-05,1,entier,
FheUint32,Shift,1.38e-05,1,entier,
FheUint32,Shift,1.3638e-05,1,entier,
FheUint32,Shift,1.3874e-05,1,entier,
FheUint32,Shift,1.3754e-05,1,entier,
FheUint32,Shift,1.3855e-05,1,entier,
FheUint32,Addition constante,0.357488883,1,entier,
FheUint32,Addition constante,0.34355531,1,entier,
FheUint32,Addition constante,0.331948877,1,entier,
FheUint32,Addition constante,0.335642683,1,entier,
FheUint32,Addition constante,0.341578989,1,entier,
FheUint32,Addition constante,0.342395817,1,entier,
FheUint32,Addition constante,0.341245363,1,entier,
FheUint32,Addition constante,0.341710426,1,entier,
FheUint32,Addition constante,0.343105877,1,entier,
FheUint32,Addition constante,0.336776882,1,entier,
FheUint32,Multiplication constante,0.128358171,1,entier,
FheUint32,Multiplication constante,0.114584825,1,entier,
FheUint32,Multiplication constante,0.111826439,1,entier,
FheUint32,Multiplication constante,0.115322476,1,entier,
FheUint32,Multiplication constante,0.111076447,1,entier,
FheUint32,Multiplication constante,0.1122403439999999,1,entier,
FheUint32,Multiplication constante,0.1096073229999999,1,entier,
FheUint32,Multiplication constante,0.115024015,1,entier,
FheUint32,Multiplication constante,0.111475757,1,entier,
FheUint32,Multiplication constante,0.110625001,1,entier,
FheUint32,Casting,1.8988e-05,1,entier,
FheUint32,Casting,1.9489e-05,1,entier,
FheUint32,Casting,1.9105e-05,1,entier,
FheUint32,Casting,1.8843e-05,1,entier,
FheUint32,Casting,1.8691e-05,1,entier,
FheUint32,Casting,1.8587e-05,1,entier,
FheUint32,Casting,1.896e-05,1,entier,
FheUint32,Casting,1.8742e-05,1,entier,
FheUint32,Casting,1.8823e-05,1,entier,
FheUint32,Casting,1.8709e-05,1,entier,
FheUint32,ET binaire,2.704e-05,1,entier,
FheUint32,ET binaire,2.7514e-05,1,entier,
FheUint32,ET binaire,2.8199e-05,1,entier,
FheUint32,ET binaire,2.7011e-05,1,entier,
FheUint32,ET binaire,2.7741e-05,1,entier,
FheUint32,ET binaire,3.0113e-05,1,entier,
FheUint32,ET binaire,2.945e-05,1,entier,
FheUint32,ET binaire,2.7676e-05,1,entier,
FheUint32,ET binaire,2.8227e-05,1,entier,
FheUint32,ET binaire,3.3054e-05,1,entier,
FheUint32,OU binaire,4.910999999999999e-06,1,entier,
FheUint32,OU binaire,5.279e-06,1,entier,
FheUint32,OU binaire,5.025e-06,1,entier,
FheUint32,OU binaire,5.7800000000000006e-06,1,entier,
FheUint32,OU binaire,5.019999999999999e-06,1,entier,
FheUint32,OU binaire,4.6230000000000005e-06,1,entier,
FheUint32,OU binaire,4.675e-06,1,entier,
FheUint32,OU binaire,4.681e-06,1,entier,
FheUint32,OU binaire,4.823e-06,1,entier,
FheUint32,OU binaire,4.702e-06,1,entier,
FheUint32,NOT,2.5476e-05,1,entier,
FheUint32,NOT,2.6029e-05,1,entier,
FheUint32,NOT,2.5819e-05,1,entier,
FheUint32,NOT,2.5456e-05,1,entier,
FheUint32,NOT,2.5744e-05,1,entier,
FheUint32,NOT,2.5408e-05,1,entier,
FheUint32,NOT,2.5682e-05,1,entier,
FheUint32,NOT,2.5241e-05,1,entier,
FheUint32,NOT,2.621e-05,1,entier,
FheUint32,NOT,2.571e-05,1,entier,
FheUint32,Dechiffrement,3.2384e-05,1,entier,
FheUint32,Dechiffrement,3.2838e-05,1,entier,
FheUint32,Dechiffrement,3.1422e-05,1,entier,
FheUint32,Dechiffrement,3.1077e-05,1,entier,
FheUint32,Dechiffrement,4.2732e-05,1,entier,
FheUint32,Dechiffrement,3.0687e-05,1,entier,
FheUint32,Dechiffrement,3.2518e-05,1,entier,
FheUint32,Dechiffrement,3.2885e-05,1,entier,
FheUint32,Dechiffrement,3.1573e-05,1,entier,
FheUint32,Dechiffrement,3.2637999999999995e-05,1,entier,
FheUint64,Chiffrement,0.00381056,1,entier,
FheUint64,Chiffrement,0.0033751709999999,1,entier,
FheUint64,Chiffrement,0.003449589,1,entier,
FheUint64,Chiffrement,0.003371734,1,entier,
FheUint64,Chiffrement,0.003370368,1,entier,
FheUint64,Chiffrement,0.003374988,1,entier,
FheUint64,Chiffrement,0.003388773,1,entier,
FheUint64,Chiffrement,0.003435423,1,entier,
FheUint64,Chiffrement,0.003411278,1,entier,
FheUint64,Chiffrement,0.003423177,1,entier,
FheUint64,Shift,0.000217061,1,entier,
FheUint64,Shift,3.1532e-05,1,entier,
FheUint64,Shift,3.2723e-05,1,entier,
FheUint64,Shift,3.2327e-05,1,entier,
FheUint64,Shift,3.2031e-05,1,entier,
FheUint64,Shift,2.7492e-05,1,entier,
FheUint64,Shift,2.793e-05,1,entier,
FheUint64,Shift,2.7695e-05,1,entier,
FheUint64,Shift,3.1561e-05,1,entier,
FheUint64,Shift,2.7626000000000003e-05,1,entier,
FheUint64,Addition constante,0.761174208,1,entier,
FheUint64,Addition constante,0.728273791,1,entier,
FheUint64,Addition constante,0.7156003470000001,1,entier,
FheUint64,Addition constante,0.709709431,1,entier,
FheUint64,Addition constante,0.721935271,1,entier,
FheUint64,Addition constante,0.716843405,1,entier,
FheUint64,Addition constante,0.721983655,1,entier,
FheUint64,Addition constante,0.7050897979999999,1,entier,
FheUint64,Addition constante,0.720184089,1,entier,
FheUint64,Addition constante,0.711701925,1,entier,
FheUint64,Multiplication constante,0.229353043,1,entier,
FheUint64,Multiplication constante,0.2287348619999999,1,entier,
FheUint64,Multiplication constante,0.227826257,1,entier,
FheUint64,Multiplication constante,0.226717655,1,entier,
FheUint64,Multiplication constante,0.230063714,1,entier,
FheUint64,Multiplication constante,0.223145238,1,entier,
FheUint64,Multiplication constante,0.234327199,1,entier,
FheUint64,Multiplication constante,0.2262808,1,entier,
FheUint64,Multiplication constante,0.234333224,1,entier,
FheUint64,Multiplication constante,0.227891867,1,entier,
FheUint64,Casting,5.4622e-05,1,entier,
FheUint64,Casting,5.296e-05,1,entier,
FheUint64,Casting,5.4176e-05,1,entier,
FheUint64,Casting,5.3529e-05,1,entier,
FheUint64,Casting,3.4293999999999994e-05,1,entier,
FheUint64,Casting,3.5474e-05,1,entier,
FheUint64,Casting,3.3997999999999995e-05,1,entier,
FheUint64,Casting,5.2922e-05,1,entier,
FheUint64,Casting,3.4200000000000005e-05,1,entier,
FheUint64,Casting,5.2978e-05,1,entier,
FheUint64,ET binaire,8.3188e-05,1,entier,
FheUint64,ET binaire,6.6634e-05,1,entier,
FheUint64,ET binaire,6.662399999999999e-05,1,entier,
FheUint64,ET binaire,6.614e-05,1,entier,
FheUint64,ET binaire,5.5295000000000005e-05,1,entier,
FheUint64,ET binaire,5.4369e-05,1,entier,
FheUint64,ET binaire,5.3686e-05,1,entier,
FheUint64,ET binaire,6.6009e-05,1,entier,
FheUint64,ET binaire,5.4774e-05,1,entier,
FheUint64,ET binaire,6.5867e-05,1,entier,
FheUint64,OU binaire,6.822e-06,1,entier,
FheUint64,OU binaire,5.153e-06,1,entier,
FheUint64,OU binaire,5.053e-06,1,entier,
FheUint64,OU binaire,4.983e-06,1,entier,
FheUint64,OU binaire,4.68e-06,1,entier,
FheUint64,OU binaire,5.070000000000001e-06,1,entier,
FheUint64,OU binaire,4.778e-06,1,entier,
FheUint64,OU binaire,4.997e-06,1,entier,
FheUint64,OU binaire,4.6e-06,1,entier,
FheUint64,OU binaire,5.231e-06,1,entier,
FheUint64,NOT,7.4882e-05,1,entier,
FheUint64,NOT,7.829399999999999e-05,1,entier,
FheUint64,NOT,7.845399999999999e-05,1,entier,
FheUint64,NOT,7.8019e-05,1,entier,
FheUint64,NOT,5.1814e-05,1,entier,
FheUint64,NOT,5.3191e-05,1,entier,
FheUint64,NOT,5.104e-05,1,entier,
FheUint64,NOT,7.7932e-05,1,entier,
FheUint64,NOT,5.1614e-05,1,entier,
FheUint64,NOT,7.579300000000001e-05,1,entier,
FheUint64,Dechiffrement,6.2734e-05,1,entier,
FheUint64,Dechiffrement,6.2401e-05,1,entier,
FheUint64,Dechiffrement,6.1827e-05,1,entier,
FheUint64,Dechiffrement,6.1418e-05,1,entier,
FheUint64,Dechiffrement,6.1613e-05,1,entier,
FheUint64,Dechiffrement,6.265699999999999e-05,1,entier,
FheUint64,Dechiffrement,7.410299999999999e-05,1,entier,
FheUint64,Dechiffrement,6.2445e-05,1,entier,
FheUint64,Dechiffrement,7.6851e-05,1,entier,
FheUint64,Dechiffrement,6.209e-05,1,entier,
FheUint128,Chiffrement,0.007033443,1,entier,
FheUint128,Chiffrement,0.006669017,1,entier,
FheUint128,Chiffrement,0.0066586499999999,1,entier,
FheUint128,Chiffrement,0.006664812,1,entier,
FheUint128,Chiffrement,0.006659562,1,entier,
FheUint128,Chiffrement,0.006664068,1,entier,
FheUint128,Chiffrement,0.006658037,1,entier,
FheUint128,Chiffrement,0.006773698,1,entier,
FheUint128,Chiffrement,0.006745942,1,entier,
FheUint128,Chiffrement,0.006658516,1,entier,
FheUint128,Shift,0.000386215,1,entier,
FheUint128,Shift,6.582099999999999e-05,1,entier,
FheUint128,Shift,6.9652e-05,1,entier,
FheUint128,Shift,5.7671e-05,1,entier,
FheUint128,Shift,6.7501e-05,1,entier,
FheUint128,Shift,5.8679000000000005e-05,1,entier,
FheUint128,Shift,5.7138e-05,1,entier,
FheUint128,Shift,8.0135e-05,1,entier,
FheUint128,Shift,6.8675e-05,1,entier,
FheUint128,Shift,5.6678e-05,1,entier,
FheUint128,Addition constante,1.5026857,1,entier,
FheUint128,Addition constante,1.482965053,1,entier,
FheUint128,Addition constante,1.439861779,1,entier,
FheUint128,Addition constante,1.447927738,1,entier,
FheUint128,Addition constante,1.444799749,1,entier,
FheUint128,Addition constante,1.43219083,1,entier,
FheUint128,Addition constante,1.606439658,1,entier,
FheUint128,Addition constante,1.499831176,1,entier,
FheUint128,Addition constante,1.491148618,1,entier,
FheUint128,Addition constante,1.458260946,1,entier,
FheUint128,Multiplication constante,0.479249704,1,entier,
FheUint128,Multiplication constante,0.448081133,1,entier,
FheUint128,Multiplication constante,0.4524201439999999,1,entier,
FheUint128,Multiplication constante,0.462262636,1,entier,
FheUint128,Multiplication constante,0.450695239,1,entier,
FheUint128,Multiplication constante,0.455944971,1,entier,
FheUint128,Multiplication constante,0.5376268949999999,1,entier,
FheUint128,Multiplication constante,0.4715341879999999,1,entier,
FheUint128,Multiplication constante,0.463699062,1,entier,
FheUint128,Multiplication constante,0.469064249,1,entier,
FheUint128,Casting,0.000106143,1,entier,
FheUint128,Casting,0.000105278,1,entier,
FheUint128,Casting,0.000104874,1,entier,
FheUint128,Casting,0.000106765,1,entier,
FheUint128,Casting,0.000108158,1,entier,
FheUint128,Casting,9.6357e-05,1,entier,
FheUint128,Casting,0.000110031,1,entier,
FheUint128,Casting,0.000102051,1,entier,
FheUint128,Casting,7.915e-05,1,entier,
FheUint128,Casting,9.7849e-05,1,entier,
FheUint128,ET binaire,0.000292562,1,entier,
FheUint128,ET binaire,0.000300865,1,entier,
FheUint128,ET binaire,0.000298871,1,entier,
FheUint128,ET binaire,0.000307565,1,entier,
FheUint128,ET binaire,0.00029735,1,entier,
FheUint128,ET binaire,0.0002683929999999,1,entier,
FheUint128,ET binaire,0.000277433,1,entier,
FheUint128,ET binaire,0.000279047,1,entier,
FheUint128,ET binaire,0.000232571,1,entier,
FheUint128,ET binaire,0.000262854,1,entier,
FheUint128,OU binaire,6.138e-06,1,entier,
FheUint128,OU binaire,7.275999999999999e-06,1,entier,
FheUint128,OU binaire,7.066e-06,1,entier,
FheUint128,OU binaire,6.78e-06,1,entier,
FheUint128,OU binaire,6.42e-06,1,entier,
FheUint128,OU binaire,5.385e-06,1,entier,
FheUint128,OU binaire,8.023e-06,1,entier,
FheUint128,OU binaire,7.273e-06,1,entier,
FheUint128,OU binaire,4.9950000000000005e-06,1,entier,
FheUint128,OU binaire,5.3620000000000005e-06,1,entier,
FheUint128,NOT,0.0001759749999999,1,entier,
FheUint128,NOT,0.000164576,1,entier,
FheUint128,NOT,0.000153905,1,entier,
FheUint128,NOT,0.00015524,1,entier,
FheUint128,NOT,0.000155245,1,entier,
FheUint128,NOT,0.000144667,1,entier,
FheUint128,NOT,0.000173961,1,entier,
FheUint128,NOT,0.000157993,1,entier,
FheUint128,NOT,0.0001396589999999,1,entier,
FheUint128,NOT,0.000153484,1,entier,
FheUint128,Dechiffrement,0.000131484,1,entier,
FheUint128,Dechiffrement,0.000130947,1,entier,
FheUint128,Dechiffrement,0.0001359989999999,1,entier,
FheUint128,Dechiffrement,0.000127067,1,entier,
FheUint128,Dechiffrement,0.000121789,1,entier,
FheUint128,Dechiffrement,0.000122757,1,entier,
FheUint128,Dechiffrement,0.000138685,1,entier,
FheUint128,Dechiffrement,0.000125521,1,entier,
FheUint128,Dechiffrement,0.00012389,1,entier,
FheUint128,Dechiffrement,0.000136757,1,entier,
FheUint256,Chiffrement,0.0140938,1,entier,
FheUint256,Chiffrement,0.013940573,1,entier,
FheUint256,Chiffrement,0.013909084,1,entier,
FheUint256,Chiffrement,0.014033478,1,entier,
FheUint256,Chiffrement,0.0140888069999999,1,entier,
FheUint256,Chiffrement,0.0141156889999999,1,entier,
FheUint256,Chiffrement,0.013916594,1,entier,
FheUint256,Chiffrement,0.013929163,1,entier,
FheUint256,Chiffrement,0.01383057,1,entier,
FheUint256,Chiffrement,0.01380477,1,entier,
FheUint256,Shift,0.000820395,1,entier,
FheUint256,Shift,0.000759201,1,entier,
FheUint256,Shift,0.0007901119999999,1,entier,
FheUint256,Shift,0.000791323,1,entier,
FheUint256,Shift,0.0007878529999999,1,entier,
FheUint256,Shift,0.000760774,1,entier,
FheUint256,Shift,0.000758413,1,entier,
FheUint256,Shift,0.0007643179999999,1,entier,
FheUint256,Shift,0.000751838,1,entier,
FheUint256,Shift,0.000756294,1,entier,
FheUint256,Addition constante,4.224368355,1,entier,
FheUint256,Addition constante,4.22639487,1,entier,
FheUint256,Addition constante,4.211856364,1,entier,
FheUint256,Addition constante,4.267877609,1,entier,
FheUint256,Addition constante,4.216392081,1,entier,
FheUint256,Addition constante,4.230188194,1,entier,
FheUint256,Addition constante,4.21732669,1,entier,
FheUint256,Addition constante,4.208758528,1,entier,
FheUint256,Addition constante,4.250893725,1,entier,
FheUint256,Addition constante,4.37924077,1,entier,
FheUint256,Multiplication constante,5.13272093,1,entier,
FheUint256,Multiplication constante,5.350594107,1,entier,
FheUint256,Multiplication constante,5.170493446,1,entier,
FheUint256,Multiplication constante,5.152519931,1,entier,
FheUint256,Multiplication constante,5.155197894,1,entier,
FheUint256,Multiplication constante,5.144449864,1,entier,
FheUint256,Multiplication constante,5.277291334,1,entier,
FheUint256,Multiplication constante,5.141277762,1,entier,
FheUint256,Multiplication constante,5.136870457,1,entier,
FheUint256,Multiplication constante,5.149399139,1,entier,
FheUint256,Casting,0.000206621,1,entier,
FheUint256,Casting,0.000187654,1,entier,
FheUint256,Casting,0.000203304,1,entier,
FheUint256,Casting,0.0002009499999999,1,entier,
FheUint256,Casting,0.00018959,1,entier,
FheUint256,Casting,0.000201544,1,entier,
FheUint256,Casting,0.000202906,1,entier,
FheUint256,Casting,0.00017699,1,entier,
FheUint256,Casting,0.000178654,1,entier,
FheUint256,Casting,0.000211191,1,entier,
FheUint256,ET binaire,0.000897203,1,entier,
FheUint256,ET binaire,0.000894593,1,entier,
FheUint256,ET binaire,0.000935526,1,entier,
FheUint256,ET binaire,0.000958392,1,entier,
FheUint256,ET binaire,0.000885888,1,entier,
FheUint256,ET binaire,0.000938402,1,entier,
FheUint256,ET binaire,0.000937533,1,entier,
FheUint256,ET binaire,0.000846499,1,entier,
FheUint256,ET binaire,0.000909017,1,entier,
FheUint256,ET binaire,0.000949568,1,entier,
FheUint256,OU binaire,5.150000000000001e-06,1,entier,
FheUint256,OU binaire,7.828999999999999e-06,1,entier,
FheUint256,OU binaire,7.33e-06,1,entier,
FheUint256,OU binaire,7.594e-06,1,entier,
FheUint256,OU binaire,5.429e-06,1,entier,
FheUint256,OU binaire,7.041e-06,1,entier,
FheUint256,OU binaire,5.4640000000000005e-06,1,entier,
FheUint256,OU binaire,5.277999999999999e-06,1,entier,
FheUint256,OU binaire,5.337e-06,1,entier,
FheUint256,OU binaire,6.913999999999999e-06,1,entier,
FheUint256,NOT,0.000334148,1,entier,
FheUint256,NOT,0.000309276,1,entier,
FheUint256,NOT,0.000356752,1,entier,
FheUint256,NOT,0.000338086,1,entier,
FheUint256,NOT,0.000296392,1,entier,
FheUint256,NOT,0.000333941,1,entier,
FheUint256,NOT,0.000281185,1,entier,
FheUint256,NOT,0.000267344,1,entier,
FheUint256,NOT,0.000267176,1,entier,
FheUint256,NOT,0.000340897,1,entier,
FheUint256,Dechiffrement,7.3389e-05,1,entier,
FheUint256,Dechiffrement,6.0386e-05,1,entier,
FheUint256,Dechiffrement,7.0622e-05,1,entier,
FheUint256,Dechiffrement,7.4373e-05,1,entier,
FheUint256,Dechiffrement,7.308e-05,1,entier,
FheUint256,Dechiffrement,6.8997e-05,1,entier,
FheUint256,Dechiffrement,6.2037e-05,1,entier,
FheUint256,Dechiffrement,8.1549e-05,1,entier,
FheUint256,Dechiffrement,7.677899999999999e-05,1,entier,
FheUint256,Dechiffrement,0.000119894,1,entier,
FheUint512,Chiffrement,0.028270745,1,entier,
FheUint512,Chiffrement,0.031275146,1,entier,
FheUint512,Chiffrement,0.028102809,1,entier,
FheUint512,Chiffrement,0.028217278,1,entier,
FheUint512,Chiffrement,0.027983678,1,entier,
FheUint512,Chiffrement,0.028382968,1,entier,
FheUint512,Chiffrement,0.028118729,1,entier,
FheUint512,Chiffrement,0.02802095,1,entier,
FheUint512,Chiffrement,0.028249531,1,entier,
FheUint512,Chiffrement,0.029064198,1,entier,
FheUint512,Shift,0.002022911,1,entier,
FheUint512,Shift,0.00180384,1,entier,
FheUint512,Shift,0.001682768,1,entier,
FheUint512,Shift,0.001651692,1,entier,
FheUint512,Shift,0.0016526099999999,1,entier,
FheUint512,Shift,0.00172499,1,entier,
FheUint512,Shift,0.001806685,1,entier,
FheUint512,Shift,0.001691813,1,entier,
FheUint512,Shift,0.0016833549999999,1,entier,
FheUint512,Shift,0.001687422,1,entier,
FheUint512,Addition constante,8.554178341,1,entier,
FheUint512,Addition constante,8.297497612,1,entier,
FheUint512,Addition constante,8.294779839,1,entier,
FheUint512,Addition constante,8.309088963,1,entier,
FheUint512,Addition constante,8.33346841,1,entier,
FheUint512,Addition constante,8.332539019,1,entier,
FheUint512,Addition constante,8.316388095,1,entier,
FheUint512,Addition constante,8.283415615,1,entier,
FheUint512,Addition constante,8.300972239,1,entier,
FheUint512,Addition constante,8.296871052,1,entier,
FheUint512,Multiplication constante,10.156518269,1,entier,
FheUint512,Multiplication constante,10.204539787,1,entier,
FheUint512,Multiplication constante,10.145518887,1,entier,
FheUint512,Multiplication constante,10.38656733,1,entier,
FheUint512,Multiplication constante,10.086034585,1,entier,
FheUint512,Multiplication constante,10.083664175,1,entier,
FheUint512,Multiplication constante,10.103148785,1,entier,
FheUint512,Multiplication constante,10.237619059,1,entier,
FheUint512,Multiplication constante,10.233830005,1,entier,
FheUint512,Multiplication constante,10.255074704,1,entier,
FheUint512,Casting,0.000547015,1,entier,
FheUint512,Casting,0.000534681,1,entier,
FheUint512,Casting,0.000558041,1,entier,
FheUint512,Casting,0.000489104,1,entier,
FheUint512,Casting,0.000522777,1,entier,
FheUint512,Casting,0.000476583,1,entier,
FheUint512,Casting,0.000486056,1,entier,
FheUint512,Casting,0.000564538,1,entier,
FheUint512,Casting,0.000527383,1,entier,
FheUint512,Casting,0.000496939,1,entier,
FheUint512,ET binaire,0.002461158,1,entier,
FheUint512,ET binaire,0.001923729,1,entier,
FheUint512,ET binaire,0.001966773,1,entier,
FheUint512,ET binaire,0.001982638,1,entier,
FheUint512,ET binaire,0.001921689,1,entier,
FheUint512,ET binaire,0.002110388,1,entier,
FheUint512,ET binaire,0.001859524,1,entier,
FheUint512,ET binaire,0.001883444,1,entier,
FheUint512,ET binaire,0.001917818,1,entier,
FheUint512,ET binaire,0.001878034,1,entier,
FheUint512,OU binaire,1.1751e-05,1,entier,
FheUint512,OU binaire,9.952e-06,1,entier,
FheUint512,OU binaire,1.0015e-05,1,entier,
FheUint512,OU binaire,1.0504e-05,1,entier,
FheUint512,OU binaire,9.854e-06,1,entier,
FheUint512,OU binaire,1.0888e-05,1,entier,
FheUint512,OU binaire,1.117e-05,1,entier,
FheUint512,OU binaire,1.0063e-05,1,entier,
FheUint512,OU binaire,1.1551e-05,1,entier,
FheUint512,OU binaire,9.639e-06,1,entier,
FheUint512,NOT,0.000868764,1,entier,
FheUint512,NOT,0.000776706,1,entier,
FheUint512,NOT,0.000770191,1,entier,
FheUint512,NOT,0.000766599,1,entier,
FheUint512,NOT,0.000658005,1,entier,
FheUint512,NOT,0.000803026,1,entier,
FheUint512,NOT,0.0007595389999999,1,entier,
FheUint512,NOT,0.000803961,1,entier,
FheUint512,NOT,0.000782192,1,entier,
FheUint512,NOT,0.000751392,1,entier,
FheUint512,Dechiffrement,7.240600000000001e-05,1,entier,
FheUint512,Dechiffrement,7.5853e-05,1,entier,
FheUint512,Dechiffrement,7.3271e-05,1,entier,
FheUint512,Dechiffrement,6.5991e-05,1,entier,
FheUint512,Dechiffrement,6.5786e-05,1,entier,
FheUint512,Dechiffrement,6.1571e-05,1,entier,
FheUint512,Dechiffrement,6.2586e-05,1,entier,
FheUint512,Dechiffrement,7.404e-05,1,entier,
FheUint512,Dechiffrement,7.5406e-05,1,entier,
FheUint512,Dechiffrement,6.5368e-05,1,entier,
FheUint1024,Chiffrement,0.056726609,1,entier,
FheUint1024,Chiffrement,0.056084926,1,entier,
FheUint1024,Chiffrement,0.067556574,1,entier,
FheUint1024,Chiffrement,0.056159695,1,entier,
FheUint1024,Chiffrement,0.0560679009999999,1,entier,
FheUint1024,Chiffrement,0.056069031,1,entier,
FheUint1024,Chiffrement,0.056187106,1,entier,
FheUint1024,Chiffrement,0.056147419,1,entier,
FheUint1024,Chiffrement,0.056178814,1,entier,
FheUint1024,Chiffrement,0.056162286,1,entier,
FheUint1024,Shift,0.0036175359999999,1,entier,
FheUint1024,Shift,0.003597257,1,entier,
FheUint1024,Shift,0.003566028,1,entier,
FheUint1024,Shift,0.003500531,1,entier,
FheUint1024,Shift,0.0035595379999999,1,entier,
FheUint1024,Shift,0.00352284,1,entier,
FheUint1024,Shift,0.003750153,1,entier,
FheUint1024,Shift,0.003712896,1,entier,
FheUint1024,Shift,0.003822649,1,entier,
FheUint1024,Shift,0.003764028,1,entier,
FheUint1024,Addition constante,16.632056493,1,entier,
FheUint1024,Addition constante,16.684177197,1,entier,
FheUint1024,Addition constante,16.652308282,1,entier,
FheUint1024,Addition constante,16.643052915,1,entier,
FheUint1024,Addition constante,16.664185402,1,entier,
FheUint1024,Addition constante,16.640552565,1,entier,
FheUint1024,Addition constante,16.630011943,1,entier,
FheUint1024,Addition constante,16.68291544,1,entier,
FheUint1024,Addition constante,16.702803354,1,entier,
FheUint1024,Addition constante,16.676770962,1,entier,
FheUint1024,Multiplication constante,20.415024182,1,entier,
FheUint1024,Multiplication constante,20.526264187,1,entier,
FheUint1024,Multiplication constante,20.317027934,1,entier,
FheUint1024,Multiplication constante,20.354600338,1,entier,
FheUint1024,Multiplication constante,20.702371008,1,entier,
FheUint1024,Multiplication constante,20.369605972,1,entier,
FheUint1024,Multiplication constante,20.402203745,1,entier,
FheUint1024,Multiplication constante,20.645098157,1,entier,
FheUint1024,Multiplication constante,20.360088705,1,entier,
FheUint1024,Multiplication constante,20.36526133,1,entier,
FheUint1024,Casting,0.001085403,1,entier,
FheUint1024,Casting,0.001092379,1,entier,
FheUint1024,Casting,0.0010758559999999,1,entier,
FheUint1024,Casting,0.00105477,1,entier,
FheUint1024,Casting,0.001060883,1,entier,
FheUint1024,Casting,0.001112105,1,entier,
FheUint1024,Casting,0.00115262,1,entier,
FheUint1024,Casting,0.001046663,1,entier,
FheUint1024,Casting,0.001111489,1,entier,
FheUint1024,Casting,0.00108714,1,entier,
FheUint1024,ET binaire,0.004067839,1,entier,
FheUint1024,ET binaire,0.003970096,1,entier,
FheUint1024,ET binaire,0.003903204,1,entier,
FheUint1024,ET binaire,0.003972907,1,entier,
FheUint1024,ET binaire,0.004141349,1,entier,
FheUint1024,ET binaire,0.0041654039999999,1,entier,
FheUint1024,ET binaire,0.00399769,1,entier,
FheUint1024,ET binaire,0.003962425,1,entier,
FheUint1024,ET binaire,0.004011476,1,entier,
FheUint1024,ET binaire,0.003921766,1,entier,
FheUint1024,OU binaire,9.36e-06,1,entier,
FheUint1024,OU binaire,9.142e-06,1,entier,
FheUint1024,OU binaire,8.619999999999999e-06,1,entier,
FheUint1024,OU binaire,8.914e-06,1,entier,
FheUint1024,OU binaire,8.824e-06,1,entier,
FheUint1024,OU binaire,1.0197e-05,1,entier,
FheUint1024,OU binaire,9.377e-06,1,entier,
FheUint1024,OU binaire,1.0141e-05,1,entier,
FheUint1024,OU binaire,9.96e-06,1,entier,
FheUint1024,OU binaire,8.571e-06,1,entier,
FheUint1024,NOT,0.001829774,1,entier,
FheUint1024,NOT,0.001713497,1,entier,
FheUint1024,NOT,0.001633925,1,entier,
FheUint1024,NOT,0.001626537,1,entier,
FheUint1024,NOT,0.0017982929999999,1,entier,
FheUint1024,NOT,0.001810756,1,entier,
FheUint1024,NOT,0.001644014,1,entier,
FheUint1024,NOT,0.001722796,1,entier,
FheUint1024,NOT,0.001803887,1,entier,
FheUint1024,NOT,0.001654006,1,entier,
FheUint1024,Dechiffrement,6.8648e-05,1,entier,
FheUint1024,Dechiffrement,7.6658e-05,1,entier,
FheUint1024,Dechiffrement,6.6789e-05,1,entier,
FheUint1024,Dechiffrement,6.7636e-05,1,entier,
FheUint1024,Dechiffrement,6.6279e-05,1,entier,
FheUint1024,Dechiffrement,6.427200000000001e-05,1,entier,
FheUint1024,Dechiffrement,6.8385e-05,1,entier,
FheUint1024,Dechiffrement,6.700400000000001e-05,1,entier,
FheUint1024,Dechiffrement,6.7414e-05,1,entier,
FheUint1024,Dechiffrement,8.0782e-05,1,entier,
FheUint2048,Chiffrement,0.112798808,1,entier,
FheUint2048,Chiffrement,0.112821737,1,entier,
FheUint2048,Chiffrement,0.1126523679999999,1,entier,
FheUint2048,Chiffrement,0.112766628,1,entier,
FheUint2048,Chiffrement,0.1130312899999999,1,entier,
FheUint2048,Chiffrement,0.11467358,1,entier,
FheUint2048,Chiffrement,0.111981159,1,entier,
FheUint2048,Chiffrement,0.112634795,1,entier,
FheUint2048,Chiffrement,0.112462617,1,entier,
FheUint2048,Chiffrement,0.112101932,1,entier,
FheUint2048,Shift,0.007493792,1,entier,
FheUint2048,Shift,0.007356524,1,entier,
FheUint2048,Shift,0.007488792,1,entier,
FheUint2048,Shift,0.007741984,1,entier,
FheUint2048,Shift,0.007427976,1,entier,
FheUint2048,Shift,0.007786145,1,entier,
FheUint2048,Shift,0.007399399,1,entier,
FheUint2048,Shift,0.007641785,1,entier,
FheUint2048,Shift,0.007740152,1,entier,
FheUint2048,Shift,0.007460667,1,entier,
FheUint2048,Addition constante,33.296451423,1,entier,
FheUint2048,Addition constante,33.436807771,1,entier,
FheUint2048,Addition constante,33.445430801,1,entier,
FheUint2048,Addition constante,33.455211109,1,entier,
FheUint2048,Addition constante,33.382849535,1,entier,
FheUint2048,Addition constante,33.36549083,1,entier,
FheUint2048,Addition constante,33.494335314,1,entier,
FheUint2048,Addition constante,33.336344802,1,entier,
FheUint2048,Addition constante,33.459578976,1,entier,
FheUint2048,Addition constante,33.428643454,1,entier,
FheUint2048,Multiplication constante,40.82722372,1,entier,
FheUint2048,Multiplication constante,40.87478251,1,entier,
FheUint2048,Multiplication constante,41.180335557,1,entier,
FheUint2048,Multiplication constante,40.968956193,1,entier,
FheUint2048,Multiplication constante,40.972858943,1,entier,
FheUint2048,Multiplication constante,41.163350402,1,entier,
FheUint2048,Multiplication constante,40.806185512,1,entier,
FheUint2048,Multiplication constante,41.002659265,1,entier,
FheUint2048,Multiplication constante,41.25302024,1,entier,
FheUint2048,Multiplication constante,40.814988304,1,entier,
FheUint2048,Casting,0.002449166,1,entier,
FheUint2048,Casting,0.00245807,1,entier,
FheUint2048,Casting,0.002485788,1,entier,
FheUint2048,Casting,0.00243466,1,entier,
FheUint2048,Casting,0.002223763,1,entier,
FheUint2048,Casting,0.002210363,1,entier,
FheUint2048,Casting,0.002283385,1,entier,
FheUint2048,Casting,0.00223743,1,entier,
FheUint2048,Casting,0.002218632,1,entier,
FheUint2048,Casting,0.002400228,1,entier,
FheUint2048,ET binaire,0.008571456,1,entier,
FheUint2048,ET binaire,0.00879953,1,entier,
FheUint2048,ET binaire,0.008664907,1,entier,
FheUint2048,ET binaire,0.008545807,1,entier,
FheUint2048,ET binaire,0.008386448,1,entier,
FheUint2048,ET binaire,0.008585112,1,entier,
FheUint2048,ET binaire,0.008517785,1,entier,
FheUint2048,ET binaire,0.008737509,1,entier,
FheUint2048,ET binaire,0.008451228,1,entier,
FheUint2048,ET binaire,0.00877699,1,entier,
FheUint2048,OU binaire,1.1317e-05,1,entier,
FheUint2048,OU binaire,1.1266e-05,1,entier,
FheUint2048,OU binaire,1.0501e-05,1,entier,
FheUint2048,OU binaire,1.059e-05,1,entier,
FheUint2048,OU binaire,1.0871e-05,1,entier,
FheUint2048,OU binaire,1.1951e-05,1,entier,
FheUint2048,OU binaire,1.0912000000000002e-05,1,entier,
FheUint2048,OU binaire,1.0441e-05,1,entier,
FheUint2048,OU binaire,1.0429e-05,1,entier,
FheUint2048,OU binaire,1.035e-05,1,entier,
FheUint2048,NOT,0.003979528,1,entier,
FheUint2048,NOT,0.003923296,1,entier,
FheUint2048,NOT,0.00382374,1,entier,
FheUint2048,NOT,0.003855174,1,entier,
FheUint2048,NOT,0.003934634,1,entier,
FheUint2048,NOT,0.003850532,1,entier,
FheUint2048,NOT,0.003999111,1,entier,
FheUint2048,NOT,0.004159303,1,entier,
FheUint2048,NOT,0.004075013,1,entier,
FheUint2048,NOT,0.00450602,1,entier,
FheUint2048,Dechiffrement,7.443200000000001e-05,1,entier,
FheUint2048,Dechiffrement,6.313199999999999e-05,1,entier,
FheUint2048,Dechiffrement,6.1602e-05,1,entier,
FheUint2048,Dechiffrement,7.7883e-05,1,entier,
FheUint2048,Dechiffrement,6.3116e-05,1,entier,
FheUint2048,Dechiffrement,6.302e-05,1,entier,
FheUint2048,Dechiffrement,6.8533e-05,1,entier,
FheUint2048,Dechiffrement,8.052e-05,1,entier,
FheUint2048,Dechiffrement,6.736100000000001e-05,1,entier,
FheUint2048,Dechiffrement,8.4119e-05,1,entier,
FheUint512,Addition,8.630124533,2,entier,
FheUint512,Addition,8.353894007,2,entier,
FheUint512,Addition,8.427283282,2,entier,
FheUint512,Addition,8.37406023,2,entier,
FheUint512,Addition,8.291971334,2,entier,
FheUint512,Addition,8.307081778,2,entier,
FheUint512,Addition,8.31011672,2,entier,
FheUint512,Addition,8.305571008,2,entier,
FheUint512,Addition,8.377722042,2,entier,
FheUint512,Addition,8.373781964,2,entier,
FheUint512,Addition,8.324933866,2,entier,
FheUint512,Addition,8.316170637,2,entier,
FheUint512,Addition,8.393104933,2,entier,
FheUint512,Addition,8.359129248,2,entier,
FheUint512,Addition,8.419314859,2,entier,
FheUint512,Addition,8.366269654,2,entier,
FheUint512,Addition,8.391069956,2,entier,
FheUint512,Addition,8.342597799,2,entier,
FheUint512,Addition,8.353744328,2,entier,
FheUint512,Addition,8.322940845,2,entier,
FheUint512,Soustraction,8.672097925,2,entier,
FheUint512,Soustraction,8.31572858,2,entier,
FheUint512,Soustraction,8.317066645,2,entier,
FheUint512,Soustraction,8.309642381,2,entier,
FheUint512,Soustraction,8.365696463,2,entier,
FheUint512,Soustraction,8.374952534,2,entier,
FheUint512,Soustraction,8.439819099,2,entier,
FheUint512,Soustraction,8.346533755,2,entier,
FheUint512,Soustraction,8.396607583,2,entier,
FheUint512,Soustraction,8.310068721,2,entier,
FheUint512,Soustraction,8.328538467,2,entier,
FheUint512,Soustraction,8.339979607,2,entier,
FheUint512,Soustraction,8.344586509,2,entier,
FheUint512,Soustraction,8.380651432,2,entier,
FheUint512,Soustraction,8.303130661,2,entier,
FheUint512,Soustraction,8.353444918,2,entier,
FheUint512,Soustraction,8.300854414,2,entier,
FheUint512,Soustraction,8.370793669,2,entier,
FheUint512,Soustraction,8.298530069,2,entier,
FheUint512,Soustraction,8.384838248,2,entier,
FheUint512,Multiplication,839.706184201,2,entier,
FheUint512,Multiplication,842.064663597,2,entier,
FheUint512,Multiplication,841.543299889,2,entier,
FheUint512,Multiplication,841.22300772,2,entier,
FheUint512,Multiplication,843.601497494,2,entier,
FheUint512,Multiplication,840.768104819,2,entier,
FheUint512,Multiplication,841.40011164,2,entier,
FheUint512,Multiplication,839.391524659,2,entier,
FheUint512,Multiplication,842.15039411,2,entier,
FheUint512,Multiplication,844.069431964,2,entier,
FheUint512,Multiplication,841.244346739,2,entier,
FheUint512,Multiplication,839.052930206,2,entier,
FheUint512,Multiplication,835.560191289,2,entier,
FheUint512,Multiplication,836.424274526,2,entier,
FheUint512,Multiplication,836.59933023,2,entier,
FheUint512,Multiplication,836.259336629,2,entier,
FheUint512,Multiplication,835.252790025,2,entier,
FheUint512,Multiplication,834.637449953,2,entier,
FheUint512,Multiplication,834.46840449,2,entier,
FheUint512,Multiplication,832.33110995,2,entier,
FheUint512,ET binaire,1.861064673,2,entier,
FheUint512,ET binaire,1.86235453,2,entier,
FheUint512,ET binaire,1.829095663,2,entier,
FheUint512,ET binaire,1.890681871,2,entier,
FheUint512,ET binaire,1.869469099,2,entier,
FheUint512,ET binaire,1.845356815,2,entier,
FheUint512,ET binaire,2.096800467,2,entier,
FheUint512,ET binaire,1.845400802,2,entier,
FheUint512,ET binaire,1.884204004,2,entier,
FheUint512,ET binaire,1.845458147,2,entier,
FheUint512,ET binaire,1.829531376,2,entier,
FheUint512,ET binaire,1.849482408,2,entier,
FheUint512,ET binaire,1.919202185,2,entier,
FheUint512,ET binaire,1.830551906,2,entier,
FheUint512,ET binaire,1.920730869,2,entier,
FheUint512,ET binaire,1.876616559,2,entier,
FheUint512,ET binaire,1.837722276,2,entier,
FheUint512,ET binaire,1.842029616,2,entier,
FheUint512,ET binaire,1.853416746,2,entier,
FheUint512,ET binaire,1.81801121,2,entier,
FheUint512,OU binaire,1.84417832,2,entier,
FheUint512,OU binaire,1.881648024,2,entier,
FheUint512,OU binaire,1.852851563,2,entier,
FheUint512,OU binaire,1.846276608,2,entier,
FheUint512,OU binaire,1.884372035,2,entier,
FheUint512,OU binaire,1.899692732,2,entier,
FheUint512,OU binaire,1.929912527,2,entier,
FheUint512,OU binaire,1.870278333,2,entier,
FheUint512,OU binaire,1.835912628,2,entier,
FheUint512,OU binaire,1.853132056,2,entier,
FheUint512,OU binaire,1.912826209,2,entier,
FheUint512,OU binaire,1.849916222,2,entier,
FheUint512,OU binaire,2.090027323,2,entier,
FheUint512,OU binaire,1.827288332,2,entier,
FheUint512,OU binaire,1.902660434,2,entier,
FheUint512,OU binaire,1.851716118,2,entier,
FheUint512,OU binaire,1.869619613,2,entier,
FheUint512,OU binaire,1.880161576,2,entier,
FheUint512,OU binaire,1.865052421,2,entier,
FheUint512,OU binaire,1.887454865,2,entier,
FheUint512,XOR binaire,1.889862079,2,entier,
FheUint512,XOR binaire,1.936175264,2,entier,
FheUint512,XOR binaire,1.852089985,2,entier,
FheUint512,XOR binaire,1.837306197,2,entier,
FheUint512,XOR binaire,1.890157763,2,entier,
FheUint512,XOR binaire,1.849087827,2,entier,
FheUint512,XOR binaire,1.905913,2,entier,
FheUint512,XOR binaire,2.147703631,2,entier,
FheUint512,XOR binaire,2.006199219,2,entier,
FheUint512,XOR binaire,2.14633451,2,entier,
FheUint512,XOR binaire,1.857470119,2,entier,
FheUint512,XOR binaire,1.874523382,2,entier,
FheUint512,XOR binaire,1.851211289,2,entier,
FheUint512,XOR binaire,1.856510589,2,entier,
FheUint512,XOR binaire,1.857404653,2,entier,
FheUint512,XOR binaire,1.983049433,2,entier,
FheUint512,XOR binaire,1.873662412,2,entier,
FheUint512,XOR binaire,1.935556558,2,entier,
FheUint512,XOR binaire,1.866285155,2,entier,
FheUint512,XOR binaire,1.866076608,2,entier,
FheUint512,Egalite,2.399251046,2,entier,
FheUint512,Egalite,2.410362427,2,entier,
FheUint512,Egalite,2.394460591,2,entier,
FheUint512,Egalite,2.448952941,2,entier,
FheUint512,Egalite,2.402126083,2,entier,
FheUint512,Egalite,2.396098619,2,entier,
FheUint512,Egalite,2.422584463,2,entier,
FheUint512,Egalite,2.388136271,2,entier,
FheUint512,Egalite,2.602753375,2,entier,
FheUint512,Egalite,2.470895732,2,entier,
FheUint512,Egalite,2.703957518,2,entier,
FheUint512,Egalite,2.402190701,2,entier,
FheUint512,Egalite,2.477959847,2,entier,
FheUint512,Egalite,2.412806867,2,entier,
FheUint512,Egalite,2.394316722,2,entier,
FheUint512,Egalite,2.649292822,2,entier,
FheUint512,Egalite,2.58147022,2,entier,
FheUint512,Egalite,2.648024849,2,entier,
FheUint512,Egalite,2.445708549,2,entier,
FheUint512,Egalite,2.486078662,2,entier,
FheUint512,Inegalite,2.697857449,2,entier,
FheUint512,Inegalite,2.651214214,2,entier,
FheUint512,Inegalite,2.40989079,2,entier,
FheUint512,Inegalite,2.383384697,2,entier,
FheUint512,Inegalite,2.390966993,2,entier,
FheUint512,Inegalite,2.452565248,2,entier,
FheUint512,Inegalite,2.434694831,2,entier,
FheUint512,Inegalite,2.386351503,2,entier,
FheUint512,Inegalite,2.391839962,2,entier,
FheUint512,Inegalite,2.412773639,2,entier,
FheUint512,Inegalite,2.408995133,2,entier,
FheUint512,Inegalite,2.485101455,2,entier,
FheUint512,Inegalite,2.423148,2,entier,
FheUint512,Inegalite,2.674790652,2,entier,
FheUint512,Inegalite,2.393355058,2,entier,
FheUint512,Inegalite,2.455457546,2,entier,
FheUint512,Inegalite,2.439563952,2,entier,
FheUint512,Inegalite,2.453719444,2,entier,
FheUint512,Inegalite,2.501914216,2,entier,
FheUint512,Inegalite,2.694954263,2,entier,
FheUint512,Superieur,4.811495158,2,entier,
FheUint512,Superieur,4.786297339,2,entier,
FheUint512,Superieur,4.972542379,2,entier,
FheUint512,Superieur,4.992187252,2,entier,
FheUint512,Superieur,4.964562149,2,entier,
FheUint512,Superieur,4.826516373,2,entier,
FheUint512,Superieur,4.72246279,2,entier,
FheUint512,Superieur,4.690733256,2,entier,
FheUint512,Superieur,4.732867833,2,entier,
FheUint512,Superieur,4.720198826,2,entier,
FheUint512,Superieur,4.795784976,2,entier,
FheUint512,Superieur,4.906320708,2,entier,
FheUint512,Superieur,4.761287287,2,entier,
FheUint512,Superieur,4.781041755,2,entier,
FheUint512,Superieur,4.882726295,2,entier,
FheUint512,Superieur,4.759807573,2,entier,
FheUint512,Superieur,4.9828293,2,entier,
FheUint512,Superieur,4.740886748,2,entier,
FheUint512,Superieur,4.963938376,2,entier,
FheUint512,Superieur,4.757376015,2,entier,
FheUint512,Superieur ou egal,4.721900075,2,entier,
FheUint512,Superieur ou egal,4.746192292,2,entier,
FheUint512,Superieur ou egal,4.720274646,2,entier,
FheUint512,Superieur ou egal,4.747928688,2,entier,
FheUint512,Superieur ou egal,4.696353455,2,entier,
FheUint512,Superieur ou egal,4.918413541,2,entier,
FheUint512,Superieur ou egal,4.988156498,2,entier,
FheUint512,Superieur ou egal,4.652816166,2,entier,
FheUint512,Superieur ou egal,4.806886014,2,entier,
FheUint512,Superieur ou egal,4.78297355,2,entier,
FheUint512,Superieur ou egal,4.726911853,2,entier,
FheUint512,Superieur ou egal,4.748186112,2,entier,
FheUint512,Superieur ou egal,4.979257864,2,entier,
FheUint512,Superieur ou egal,4.783209368,2,entier,
FheUint512,Superieur ou egal,4.927729978,2,entier,
FheUint512,Superieur ou egal,4.729632594,2,entier,
FheUint512,Superieur ou egal,4.810502491,2,entier,
FheUint512,Superieur ou egal,4.700298109,2,entier,
FheUint512,Superieur ou egal,4.742562899,2,entier,
FheUint512,Superieur ou egal,4.718484545,2,entier,
FheUint256,Addition,4.263061712,2,entier,
FheUint256,Addition,4.164236167,2,entier,
FheUint256,Addition,4.147704415,2,entier,
FheUint256,Addition,4.161559377,2,entier,
FheUint256,Addition,4.156764692,2,entier,
FheUint256,Addition,4.208459262,2,entier,
FheUint256,Addition,4.185387195,2,entier,
FheUint256,Addition,4.17713326,2,entier,
FheUint256,Addition,4.178322754,2,entier,
FheUint256,Addition,4.208222766,2,entier,
FheUint256,Addition,4.238539414,2,entier,
FheUint256,Addition,4.17019328,2,entier,
FheUint256,Addition,4.15423975,2,entier,
FheUint256,Addition,4.198355426,2,entier,
FheUint256,Addition,4.191987537,2,entier,
FheUint256,Addition,4.135765533,2,entier,
FheUint256,Addition,4.130084484,2,entier,
FheUint256,Addition,4.165740881,2,entier,
FheUint256,Addition,4.145060594,2,entier,
FheUint256,Addition,4.117858692,2,entier,
FheUint256,Soustraction,4.16341039,2,entier,
FheUint256,Soustraction,4.143295737,2,entier,
FheUint256,Soustraction,4.14772274,2,entier,
FheUint256,Soustraction,4.152656102,2,entier,
FheUint256,Soustraction,4.18917471,2,entier,
FheUint256,Soustraction,4.17084198,2,entier,
FheUint256,Soustraction,4.159007598,2,entier,
FheUint256,Soustraction,4.169125501,2,entier,
FheUint256,Soustraction,4.245708083,2,entier,
FheUint256,Soustraction,4.13378607,2,entier,
FheUint256,Soustraction,4.135756042,2,entier,
FheUint256,Soustraction,4.148313344,2,entier,
FheUint256,Soustraction,4.227386556,2,entier,
FheUint256,Soustraction,4.165952713,2,entier,
FheUint256,Soustraction,4.141664357,2,entier,
FheUint256,Soustraction,4.132734834,2,entier,
FheUint256,Soustraction,4.146188491,2,entier,
FheUint256,Soustraction,4.171075914,2,entier,
FheUint256,Soustraction,4.140243912,2,entier,
FheUint256,Soustraction,4.165532551,2,entier,
FheUint256,Multiplication,209.506973461,2,entier,
FheUint256,Multiplication,208.426681836,2,entier,
FheUint256,Multiplication,208.157087873,2,entier,
FheUint256,Multiplication,208.915017922,2,entier,
FheUint256,Multiplication,208.694764199,2,entier,
FheUint256,Multiplication,209.497783743,2,entier,
FheUint256,Multiplication,209.438033308,2,entier,
FheUint256,Multiplication,209.825190419,2,entier,
FheUint256,Multiplication,209.920925666,2,entier,
FheUint256,Multiplication,209.499071661,2,entier,
FheUint256,Multiplication,209.887956767,2,entier,
FheUint256,Multiplication,209.675157451,2,entier,
FheUint256,Multiplication,210.014312693,2,entier,
FheUint256,Multiplication,210.072561752,2,entier,
FheUint256,Multiplication,209.9024175,2,entier,
FheUint256,Multiplication,207.671047995,2,entier,
FheUint256,Multiplication,207.525001967,2,entier,
FheUint256,Multiplication,206.932142691,2,entier,
FheUint256,Multiplication,207.91955005,2,entier,
FheUint256,Multiplication,207.430594557,2,entier,
FheUint256,ET binaire,0.922177047,2,entier,
FheUint256,ET binaire,0.927864093,2,entier,
FheUint256,ET binaire,0.915104994,2,entier,
FheUint256,ET binaire,0.941875275,2,entier,
FheUint256,ET binaire,0.932054934,2,entier,
FheUint256,ET binaire,0.946323553,2,entier,
FheUint256,ET binaire,0.944023013,2,entier,
FheUint256,ET binaire,0.967460667,2,entier,
FheUint256,ET binaire,0.928080701,2,entier,
FheUint256,ET binaire,0.935330657,2,entier,
FheUint256,ET binaire,0.955766207,2,entier,
FheUint256,ET binaire,0.948422754,2,entier,
FheUint256,ET binaire,0.920136782,2,entier,
FheUint256,ET binaire,0.917423893,2,entier,
FheUint256,ET binaire,0.921879427,2,entier,
FheUint256,ET binaire,0.944820778,2,entier,
FheUint256,ET binaire,0.90845056,2,entier,
FheUint256,ET binaire,1.076275733,2,entier,
FheUint256,ET binaire,0.91979771,2,entier,
FheUint256,ET binaire,0.935184426,2,entier,
FheUint256,OU binaire,0.938989865,2,entier,
FheUint256,OU binaire,0.922890078,2,entier,
FheUint256,OU binaire,0.950839551,2,entier,
FheUint256,OU binaire,0.943382902,2,entier,
FheUint256,OU binaire,0.937804141,2,entier,
FheUint256,OU binaire,0.957836609,2,entier,
FheUint256,OU binaire,0.959458141,2,entier,
FheUint256,OU binaire,1.089756626,2,entier,
FheUint256,OU binaire,0.920708469,2,entier,
FheUint256,OU binaire,0.925873766,2,entier,
FheUint256,OU binaire,0.949391364,2,entier,
FheUint256,OU binaire,1.058055055,2,entier,
FheUint256,OU binaire,0.940327729,2,entier,
FheUint256,OU binaire,0.921323684,2,entier,
FheUint256,OU binaire,0.930723455,2,entier,
FheUint256,OU binaire,0.926886125,2,entier,
FheUint256,OU binaire,1.028452883,2,entier,
FheUint256,OU binaire,1.05466865,2,entier,
FheUint256,OU binaire,0.929960885,2,entier,
FheUint256,OU binaire,0.917352149,2,entier,
FheUint256,XOR binaire,0.892223036,2,entier,
FheUint256,XOR binaire,0.92180695,2,entier,
FheUint256,XOR binaire,1.100334971,2,entier,
FheUint256,XOR binaire,0.949270532,2,entier,
FheUint256,XOR binaire,0.927354931,2,entier,
FheUint256,XOR binaire,0.936110213,2,entier,
FheUint256,XOR binaire,0.918477679,2,entier,
FheUint256,XOR binaire,1.042341292,2,entier,
FheUint256,XOR binaire,0.940381145,2,entier,
FheUint256,XOR binaire,0.955414114,2,entier,
FheUint256,XOR binaire,0.963066485,2,entier,
FheUint256,XOR binaire,1.114444803,2,entier,
FheUint256,XOR binaire,0.928953488,2,entier,
FheUint256,XOR binaire,0.917205763,2,entier,
FheUint256,XOR binaire,0.912604353,2,entier,
FheUint256,XOR binaire,0.910092918,2,entier,
FheUint256,XOR binaire,1.08561164,2,entier,
FheUint256,XOR binaire,0.934320032,2,entier,
FheUint256,XOR binaire,0.916174061,2,entier,
FheUint256,XOR binaire,0.941307874,2,entier,
FheUint256,Egalite,1.276408669,2,entier,
FheUint256,Egalite,1.280376942,2,entier,
FheUint256,Egalite,1.356221003,2,entier,
FheUint256,Egalite,1.268351333,2,entier,
FheUint256,Egalite,1.259552299,2,entier,
FheUint256,Egalite,1.267184288,2,entier,
FheUint256,Egalite,1.291124939,2,entier,
FheUint256,Egalite,1.249270648,2,entier,
FheUint256,Egalite,1.268635548,2,entier,
FheUint256,Egalite,1.27176199,2,entier,
FheUint256,Egalite,1.269233687,2,entier,
FheUint256,Egalite,1.290758777,2,entier,
FheUint256,Egalite,1.244778104,2,entier,
FheUint256,Egalite,1.25367257,2,entier,
FheUint256,Egalite,1.277941138,2,entier,
FheUint256,Egalite,1.456967925,2,entier,
FheUint256,Egalite,1.23238951,2,entier,
FheUint256,Egalite,1.262747158,2,entier,
FheUint256,Egalite,1.267347683,2,entier,
FheUint256,Egalite,1.258223548,2,entier,
FheUint256,Inegalite,1.256122891,2,entier,
FheUint256,Inegalite,1.435108849,2,entier,
FheUint256,Inegalite,1.236785724,2,entier,
FheUint256,Inegalite,1.260825446,2,entier,
FheUint256,Inegalite,1.271699743,2,entier,
FheUint256,Inegalite,1.251710185,2,entier,
FheUint256,Inegalite,1.343513105,2,entier,
FheUint256,Inegalite,1.236435442,2,entier,
FheUint256,Inegalite,1.249547548,2,entier,
FheUint256,Inegalite,1.249322163,2,entier,
FheUint256,Inegalite,1.285762948,2,entier,
FheUint256,Inegalite,1.263724919,2,entier,
FheUint256,Inegalite,1.275229635,2,entier,
FheUint256,Inegalite,1.256465339,2,entier,
FheUint256,Inegalite,1.307490432,2,entier,
FheUint256,Inegalite,1.331932302,2,entier,
FheUint256,Inegalite,1.253724281,2,entier,
FheUint256,Inegalite,1.254978757,2,entier,
FheUint256,Inegalite,1.23474133,2,entier,
FheUint256,Inegalite,1.310966363,2,entier,
FheUint256,Superieur,2.357391818,2,entier,
FheUint256,Superieur,2.128439132,2,entier,
FheUint256,Superieur,2.122155601,2,entier,
FheUint256,Superieur,2.134619966,2,entier,
FheUint256,Superieur,2.130077891,2,entier,
FheUint256,Superieur,2.151419288,2,entier,
FheUint256,Superieur,2.298060875,2,entier,
FheUint256,Superieur,2.144995093,2,entier,
FheUint256,Superieur,2.14526151,2,entier,
FheUint256,Superieur,2.094631404,2,entier,
FheUint256,Superieur,2.347143755,2,entier,
FheUint256,Superieur,2.209340358,2,entier,
FheUint256,Superieur,2.119033052,2,entier,
FheUint256,Superieur,2.141635233,2,entier,
FheUint256,Superieur,2.60158574,2,entier,
FheUint256,Superieur,2.125870754,2,entier,
FheUint256,Superieur,2.122048771,2,entier,
FheUint256,Superieur,2.138228162,2,entier,
FheUint256,Superieur,2.113782875,2,entier,
FheUint256,Superieur,2.111070199,2,entier,
FheUint256,Superieur ou egal,2.193844288,2,entier,
FheUint256,Superieur ou egal,2.135326131,2,entier,
FheUint256,Superieur ou egal,2.149078526,2,entier,
FheUint256,Superieur ou egal,2.171177107,2,entier,
FheUint256,Superieur ou egal,2.141865361,2,entier,
FheUint256,Superieur ou egal,2.332579085,2,entier,
FheUint256,Superieur ou egal,2.116614612,2,entier,
FheUint256,Superieur ou egal,2.13230005,2,entier,
FheUint256,Superieur ou egal,2.148347405,2,entier,
FheUint256,Superieur ou egal,2.237713704,2,entier,
FheUint256,Superieur ou egal,2.166149873,2,entier,
FheUint256,Superieur ou egal,2.119660798,2,entier,
FheUint256,Superieur ou egal,2.132951248,2,entier,
FheUint256,Superieur ou egal,2.270484957,2,entier,
FheUint256,Superieur ou egal,2.151362811,2,entier,
FheUint256,Superieur ou egal,2.189075866,2,entier,
FheUint256,Superieur ou egal,2.154886784,2,entier,
FheUint256,Superieur ou egal,2.10722728,2,entier,
FheUint256,Superieur ou egal,2.104751917,2,entier,
FheUint256,Superieur ou egal,2.120970944,2,entier,
FheUint128,Addition,1.880103649,2,entier,
FheUint128,Addition,1.850520002,2,entier,
FheUint128,Addition,1.816846614,2,entier,
FheUint128,Addition,1.876184588,2,entier,
FheUint128,Addition,1.835984744,2,entier,
FheUint128,Addition,1.894142145,2,entier,
FheUint128,Addition,1.883793781,2,entier,
FheUint128,Addition,1.763329488,2,entier,
FheUint128,Addition,1.695844215,2,entier,
FheUint128,Addition,1.700617068,2,entier,
FheUint128,Soustraction,1.635895983,2,entier,
FheUint128,Soustraction,1.633972125,2,entier,
FheUint128,Soustraction,1.625838747,2,entier,
FheUint128,Soustraction,1.623535568,2,entier,
FheUint128,Soustraction,1.661102685,2,entier,
FheUint128,Soustraction,1.620165548,2,entier,
FheUint128,Soustraction,1.694349227,2,entier,
FheUint128,Soustraction,1.781318503,2,entier,
FheUint128,Soustraction,1.865041006,2,entier,
FheUint128,Soustraction,1.843219476,2,entier,
FheUint128,Multiplication,55.882105571,2,entier,
FheUint128,Multiplication,55.741424556,2,entier,
FheUint128,Multiplication,55.638773203,2,entier,
FheUint128,Multiplication,55.798859639,2,entier,
FheUint128,Multiplication,54.996909235,2,entier,
FheUint128,Multiplication,55.180660786,2,entier,
FheUint128,Multiplication,55.183855904,2,entier,
FheUint128,Multiplication,54.902415563,2,entier,
FheUint128,Multiplication,55.327007373,2,entier,
FheUint128,Multiplication,55.24229485,2,entier,
FheUint128,ET binaire,0.4902362739999999,2,entier,
FheUint128,ET binaire,0.469649487,2,entier,
FheUint128,ET binaire,0.473506755,2,entier,
FheUint128,ET binaire,0.480011178,2,entier,
FheUint128,ET binaire,0.467589412,2,entier,
FheUint128,ET binaire,0.488023051,2,entier,
FheUint128,ET binaire,0.4792870689999999,2,entier,
FheUint128,ET binaire,0.490286846,2,entier,
FheUint128,ET binaire,0.477654402,2,entier,
FheUint128,ET binaire,0.486262398,2,entier,
FheUint128,OU binaire,0.477166882,2,entier,
FheUint128,OU binaire,0.473201211,2,entier,
FheUint128,OU binaire,0.476607947,2,entier,
FheUint128,OU binaire,0.532606006,2,entier,
FheUint128,OU binaire,0.475071698,2,entier,
FheUint128,OU binaire,0.498072936,2,entier,
FheUint128,OU binaire,0.476954904,2,entier,
FheUint128,OU binaire,0.4835320019999999,2,entier,
FheUint128,OU binaire,0.4892782169999999,2,entier,
FheUint128,OU binaire,0.489364167,2,entier,
FheUint128,XOR binaire,0.5013282,2,entier,
FheUint128,XOR binaire,0.480090367,2,entier,
FheUint128,XOR binaire,0.489955625,2,entier,
FheUint128,XOR binaire,0.5087768,2,entier,
FheUint128,XOR binaire,0.481752394,2,entier,
FheUint128,XOR binaire,0.476109634,2,entier,
FheUint128,XOR binaire,0.472840415,2,entier,
FheUint128,XOR binaire,0.479662206,2,entier,
FheUint128,XOR binaire,0.4643319159999999,2,entier,
FheUint128,XOR binaire,0.504932029,2,entier,
FheUint128,Egalite,0.664162416,2,entier,
FheUint128,Egalite,0.678641788,2,entier,
FheUint128,Egalite,0.651772855,2,entier,
FheUint128,Egalite,0.681594024,2,entier,
FheUint128,Egalite,0.695612453,2,entier,
FheUint128,Egalite,0.661942993,2,entier,
FheUint128,Egalite,0.659600678,2,entier,
FheUint128,Egalite,0.66833421,2,entier,
FheUint128,Egalite,0.673623558,2,entier,
FheUint128,Egalite,0.668408989,2,entier,
FheUint128,Inegalite,0.679890043,2,entier,
FheUint128,Inegalite,0.6806002369999999,2,entier,
FheUint128,Inegalite,0.679140493,2,entier,
FheUint128,Inegalite,0.6555428040000001,2,entier,
FheUint128,Inegalite,0.654531652,2,entier,
FheUint128,Inegalite,0.6714374430000001,2,entier,
FheUint128,Inegalite,0.6645992209999999,2,entier,
FheUint128,Inegalite,0.67943303,2,entier,
FheUint128,Inegalite,0.649438217,2,entier,
FheUint128,Inegalite,0.6544769,2,entier,
FheUint128,Superieur,1.003850251,2,entier,
FheUint128,Superieur,1.015674445,2,entier,
FheUint128,Superieur,1.009574544,2,entier,
FheUint128,Superieur,1.007407527,2,entier,
FheUint128,Superieur,0.980030869,2,entier,
FheUint128,Superieur,1.02456222,2,entier,
FheUint128,Superieur,0.997643554,2,entier,
FheUint128,Superieur,1.0024913,2,entier,
FheUint128,Superieur,0.996635065,2,entier,
FheUint128,Superieur,1.015999634,2,entier,
FheUint128,Superieur ou egal,1.037432449,2,entier,
FheUint128,Superieur ou egal,1.062882059,2,entier,
FheUint128,Superieur ou egal,1.05437951,2,entier,
FheUint128,Superieur ou egal,1.091566361,2,entier,
FheUint128,Superieur ou egal,1.002096798,2,entier,
FheUint128,Superieur ou egal,1.020373207,2,entier,
FheUint128,Superieur ou egal,0.999974445,2,entier,
FheUint128,Superieur ou egal,1.006622299,2,entier,
FheUint128,Superieur ou egal,1.045002178,2,entier,
FheUint128,Superieur ou egal,1.014046904,2,entier,
FheUint64,Addition,0.8361198329999999,2,entier,
FheUint64,Addition,0.851375958,2,entier,
FheUint64,Addition,0.8379837649999999,2,entier,
FheUint64,Addition,0.8773741629999999,2,entier,
FheUint64,Addition,0.8395763980000001,2,entier,
FheUint64,Addition,0.815442515,2,entier,
FheUint64,Addition,0.8301085530000001,2,entier,
FheUint64,Addition,0.8599928720000001,2,entier,
FheUint64,Addition,0.8179518379999999,2,entier,
FheUint64,Addition,0.837879865,2,entier,
FheUint64,Soustraction,0.814897247,2,entier,
FheUint64,Soustraction,0.8030234860000001,2,entier,
FheUint64,Soustraction,0.812037822,2,entier,
FheUint64,Soustraction,0.805984821,2,entier,
FheUint64,Soustraction,0.8093891670000001,2,entier,
FheUint64,Soustraction,0.820393835,2,entier,
FheUint64,Soustraction,0.814158551,2,entier,
FheUint64,Soustraction,0.8220791550000001,2,entier,
FheUint64,Soustraction,0.817338195,2,entier,
FheUint64,Soustraction,0.811438336,2,entier,
FheUint64,Multiplication,14.109328298,2,entier,
FheUint64,Multiplication,13.512202514,2,entier,
FheUint64,Multiplication,13.439991207,2,entier,
FheUint64,Multiplication,13.615880414,2,entier,
FheUint64,Multiplication,13.520091118,2,entier,
FheUint64,Multiplication,13.405744902,2,entier,
FheUint64,Multiplication,13.401679629,2,entier,
FheUint64,Multiplication,13.485193423,2,entier,
FheUint64,Multiplication,13.638842489,2,entier,
FheUint64,Multiplication,13.758267705,2,entier,
FheUint64,ET binaire,0.244252614,2,entier,
FheUint64,ET binaire,0.226356152,2,entier,
FheUint64,ET binaire,0.238288973,2,entier,
FheUint64,ET binaire,0.233342829,2,entier,
FheUint64,ET binaire,0.229402136,2,entier,
FheUint64,ET binaire,0.232968671,2,entier,
FheUint64,ET binaire,0.236514294,2,entier,
FheUint64,ET binaire,0.23931897,2,entier,
FheUint64,ET binaire,0.241484849,2,entier,
FheUint64,ET binaire,0.2363154089999999,2,entier,
FheUint64,OU binaire,0.238984406,2,entier,
FheUint64,OU binaire,0.235910087,2,entier,
FheUint64,OU binaire,0.233582253,2,entier,
FheUint64,OU binaire,0.244234516,2,entier,
FheUint64,OU binaire,0.233119643,2,entier,
FheUint64,OU binaire,0.232622086,2,entier,
FheUint64,OU binaire,0.233691022,2,entier,
FheUint64,OU binaire,0.253950231,2,entier,
FheUint64,OU binaire,0.234815645,2,entier,
FheUint64,OU binaire,0.229295036,2,entier,
FheUint64,XOR binaire,0.23992766,2,entier,
FheUint64,XOR binaire,0.2312142059999999,2,entier,
FheUint64,XOR binaire,0.239902424,2,entier,
FheUint64,XOR binaire,0.240971995,2,entier,
FheUint64,XOR binaire,0.234856584,2,entier,
FheUint64,XOR binaire,0.239127602,2,entier,
FheUint64,XOR binaire,0.236371124,2,entier,
FheUint64,XOR binaire,0.232381707,2,entier,
FheUint64,XOR binaire,0.235715865,2,entier,
FheUint64,XOR binaire,0.235122811,2,entier,
FheUint64,Egalite,0.354567129,2,entier,
FheUint64,Egalite,0.3568583429999999,2,entier,
FheUint64,Egalite,0.361107706,2,entier,
FheUint64,Egalite,0.360919975,2,entier,
FheUint64,Egalite,0.357216198,2,entier,
FheUint64,Egalite,0.35115745,2,entier,
FheUint64,Egalite,0.371947021,2,entier,
FheUint64,Egalite,0.352920027,2,entier,
FheUint64,Egalite,0.3620436179999999,2,entier,
FheUint64,Egalite,0.35894126,2,entier,
FheUint64,Inegalite,0.364659388,2,entier,
FheUint64,Inegalite,0.36004431,2,entier,
FheUint64,Inegalite,0.357577807,2,entier,
FheUint64,Inegalite,0.360039613,2,entier,
FheUint64,Inegalite,0.359813214,2,entier,
FheUint64,Inegalite,0.3588597679999999,2,entier,
FheUint64,Inegalite,0.353678253,2,entier,
FheUint64,Inegalite,0.354171093,2,entier,
FheUint64,Inegalite,0.355676899,2,entier,
FheUint64,Inegalite,0.37033449,2,entier,
FheUint64,Superieur,0.403489732,2,entier,
FheUint64,Superieur,0.398804138,2,entier,
FheUint64,Superieur,0.385742111,2,entier,
FheUint64,Superieur,0.405648479,2,entier,
FheUint64,Superieur,0.387928959,2,entier,
FheUint64,Superieur,0.397617656,2,entier,
FheUint64,Superieur,0.3811614829999999,2,entier,
FheUint64,Superieur,0.40058451,2,entier,
FheUint64,Superieur,0.405615817,2,entier,
FheUint64,Superieur,0.424512309,2,entier,
FheUint64,Superieur ou egal,0.3974756459999999,2,entier,
FheUint64,Superieur ou egal,0.3907628629999999,2,entier,
FheUint64,Superieur ou egal,0.402029062,2,entier,
FheUint64,Superieur ou egal,0.380560829,2,entier,
FheUint64,Superieur ou egal,0.396521657,2,entier,
FheUint64,Superieur ou egal,0.388812399,2,entier,
FheUint64,Superieur ou egal,0.397857541,2,entier,
FheUint64,Superieur ou egal,0.39762414,2,entier,
FheUint64,Superieur ou egal,0.4020189429999999,2,entier,
FheUint64,Superieur ou egal,0.392122368,2,entier,
FheUint32,Addition,0.4254369699999999,2,entier,
FheUint32,Addition,0.431133804,2,entier,
FheUint32,Addition,0.424930202,2,entier,
FheUint32,Addition,0.410084846,2,entier,
FheUint32,Addition,0.41465213,2,entier,
FheUint32,Addition,0.397678739,2,entier,
FheUint32,Addition,0.406687197,2,entier,
FheUint32,Addition,0.406603306,2,entier,
FheUint32,Addition,0.404912167,2,entier,
FheUint32,Addition,0.4000614,2,entier,
FheUint32,Soustraction,0.408039232,2,entier,
FheUint32,Soustraction,0.376651876,2,entier,
FheUint32,Soustraction,0.392533795,2,entier,
FheUint32,Soustraction,0.392372392,2,entier,
FheUint32,Soustraction,0.377250582,2,entier,
FheUint32,Soustraction,0.379984523,2,entier,
FheUint32,Soustraction,0.382722189,2,entier,
FheUint32,Soustraction,0.37576713,2,entier,
FheUint32,Soustraction,0.379881343,2,entier,
FheUint32,Soustraction,0.382043622,2,entier,
FheUint32,Multiplication,3.495207264,2,entier,
FheUint32,Multiplication,3.549991451,2,entier,
FheUint32,Multiplication,3.482638696,2,entier,
FheUint32,Multiplication,3.537162971,2,entier,
FheUint32,Multiplication,3.506993779,2,entier,
FheUint32,Multiplication,3.486194464,2,entier,
FheUint32,Multiplication,3.54660875,2,entier,
FheUint32,Multiplication,3.479585867,2,entier,
FheUint32,Multiplication,3.516380248,2,entier,
FheUint32,Multiplication,3.505815621,2,entier,
FheUint32,ET binaire,0.118594655,2,entier,
FheUint32,ET binaire,0.114759193,2,entier,
FheUint32,ET binaire,0.116585965,2,entier,
FheUint32,ET binaire,0.116505842,2,entier,
FheUint32,ET binaire,0.114080207,2,entier,
FheUint32,ET binaire,0.1167256639999999,2,entier,
FheUint32,ET binaire,0.114015411,2,entier,
FheUint32,ET binaire,0.1142547249999999,2,entier,
FheUint32,ET binaire,0.119994115,2,entier,
FheUint32,ET binaire,0.112282156,2,entier,
FheUint32,OU binaire,0.11310379,2,entier,
FheUint32,OU binaire,0.115417881,2,entier,
FheUint32,OU binaire,0.119581231,2,entier,
FheUint32,OU binaire,0.121290228,2,entier,
FheUint32,OU binaire,0.1183524149999999,2,entier,
FheUint32,OU binaire,0.124062046,2,entier,
FheUint32,OU binaire,0.120070566,2,entier,
FheUint32,OU binaire,0.11856205,2,entier,
FheUint32,OU binaire,0.119864826,2,entier,
FheUint32,OU binaire,0.129028221,2,entier,
FheUint32,XOR binaire,0.115587971,2,entier,
FheUint32,XOR binaire,0.1155945519999999,2,entier,
FheUint32,XOR binaire,0.124858582,2,entier,
FheUint32,XOR binaire,0.114964846,2,entier,
FheUint32,XOR binaire,0.114631381,2,entier,
FheUint32,XOR binaire,0.115687186,2,entier,
FheUint32,XOR binaire,0.1194242859999999,2,entier,
FheUint32,XOR binaire,0.119799374,2,entier,
FheUint32,XOR binaire,0.115829644,2,entier,
FheUint32,XOR binaire,0.1126833709999999,2,entier,
FheUint32,Egalite,0.179946789,2,entier,
FheUint32,Egalite,0.198161404,2,entier,
FheUint32,Egalite,0.193459649,2,entier,
FheUint32,Egalite,0.19351626,2,entier,
FheUint32,Egalite,0.1853587709999999,2,entier,
FheUint32,Egalite,0.190756954,2,entier,
FheUint32,Egalite,0.200840526,2,entier,
FheUint32,Egalite,0.194288509,2,entier,
FheUint32,Egalite,0.1888727,2,entier,
FheUint32,Egalite,0.184598436,2,entier,
FheUint32,Inegalite,0.183496774,2,entier,
FheUint32,Inegalite,0.202716534,2,entier,
FheUint32,Inegalite,0.195459162,2,entier,
FheUint32,Inegalite,0.201822244,2,entier,
FheUint32,Inegalite,0.192300151,2,entier,
FheUint32,Inegalite,0.177812722,2,entier,
FheUint32,Inegalite,0.193269219,2,entier,
FheUint32,Inegalite,0.192195904,2,entier,
FheUint32,Inegalite,0.192213328,2,entier,
FheUint32,Inegalite,0.188550843,2,entier,
FheUint32,Superieur,0.231412572,2,entier,
FheUint32,Superieur,0.241995925,2,entier,
FheUint32,Superieur,0.215185196,2,entier,
FheUint32,Superieur,0.236226429,2,entier,
FheUint32,Superieur,0.2247888079999999,2,entier,
FheUint32,Superieur,0.228427476,2,entier,
FheUint32,Superieur,0.226434264,2,entier,
FheUint32,Superieur,0.230932475,2,entier,
FheUint32,Superieur,0.237224512,2,entier,
FheUint32,Superieur,0.226286492,2,entier,
FheUint32,Superieur ou egal,0.227904836,2,entier,
FheUint32,Superieur ou egal,0.230793954,2,entier,
FheUint32,Superieur ou egal,0.228350049,2,entier,
FheUint32,Superieur ou egal,0.236760401,2,entier,
FheUint32,Superieur ou egal,0.220084439,2,entier,
FheUint32,Superieur ou egal,0.224685143,2,entier,
FheUint32,Superieur ou egal,0.227077133,2,entier,
FheUint32,Superieur ou egal,0.2430123079999999,2,entier,
FheUint32,Superieur ou egal,0.2279098199999999,2,entier,
FheUint32,Superieur ou egal,0.209971184,2,entier,
FheUint16,Addition,0.218929308,2,entier,
FheUint16,Addition,0.1989908189999999,2,entier,
FheUint16,Addition,0.201944357,2,entier,
FheUint16,Addition,0.19998055,2,entier,
FheUint16,Addition,0.200243978,2,entier,
FheUint16,Addition,0.195798587,2,entier,
FheUint16,Addition,0.197511994,2,entier,
FheUint16,Addition,0.194651954,2,entier,
FheUint16,Addition,0.194603118,2,entier,
FheUint16,Addition,0.198770418,2,entier,
FheUint16,Soustraction,0.178454034,2,entier,
FheUint16,Soustraction,0.170374888,2,entier,
FheUint16,Soustraction,0.167229919,2,entier,
FheUint16,Soustraction,0.166663363,2,entier,
FheUint16,Soustraction,0.167928022,2,entier,
FheUint16,Soustraction,0.168645365,2,entier,
FheUint16,Soustraction,0.165628511,2,entier,
FheUint16,Soustraction,0.1706871999999999,2,entier,
FheUint16,Soustraction,0.171248761,2,entier,
FheUint16,Soustraction,0.169954412,2,entier,
FheUint16,Multiplication,1.049480697,2,entier,
FheUint16,Multiplication,0.985585781,2,entier,
FheUint16,Multiplication,0.985300186,2,entier,
FheUint16,Multiplication,1.015632502,2,entier,
FheUint16,Multiplication,0.978767188,2,entier,
FheUint16,Multiplication,0.958954421,2,entier,
FheUint16,Multiplication,1.000366051,2,entier,
FheUint16,Multiplication,1.002427927,2,entier,
FheUint16,Multiplication,1.007922195,2,entier,
FheUint16,Multiplication,0.970448594,2,entier,
FheUint16,ET binaire,0.055961498,2,entier,
FheUint16,ET binaire,0.057703975,2,entier,
FheUint16,ET binaire,0.055918287,2,entier,
FheUint16,ET binaire,0.057180505,2,entier,
FheUint16,ET binaire,0.05564138,2,entier,
FheUint16,ET binaire,0.057567091,2,entier,
FheUint16,ET binaire,0.055927216,2,entier,
FheUint16,ET binaire,0.056674701,2,entier,
FheUint16,ET binaire,0.058409449,2,entier,
FheUint16,ET binaire,0.055851999,2,entier,
FheUint16,OU binaire,0.05540339,2,entier,
FheUint16,OU binaire,0.0553341679999999,2,entier,
FheUint16,OU binaire,0.055215176,2,entier,
FheUint16,OU binaire,0.055220552,2,entier,
FheUint16,OU binaire,0.0567193899999999,2,entier,
FheUint16,OU binaire,0.066690801,2,entier,
FheUint16,OU binaire,0.058082559,2,entier,
FheUint16,OU binaire,0.054972017,2,entier,
FheUint16,OU binaire,0.057301778,2,entier,
FheUint16,OU binaire,0.055427691,2,entier,
FheUint16,XOR binaire,0.063961646,2,entier,
FheUint16,XOR binaire,0.056064072,2,entier,
FheUint16,XOR binaire,0.056218176,2,entier,
FheUint16,XOR binaire,0.055483535,2,entier,
FheUint16,XOR binaire,0.054895192,2,entier,
FheUint16,XOR binaire,0.055852851,2,entier,
FheUint16,XOR binaire,0.055049551,2,entier,
FheUint16,XOR binaire,0.055428385,2,entier,
FheUint16,XOR binaire,0.05480207,2,entier,
FheUint16,XOR binaire,0.055213736,2,entier,
FheUint16,Egalite,0.126101287,2,entier,
FheUint16,Egalite,0.1218556619999999,2,entier,
FheUint16,Egalite,0.1273463189999999,2,entier,
FheUint16,Egalite,0.122836996,2,entier,
FheUint16,Egalite,0.120535136,2,entier,
FheUint16,Egalite,0.121909811,2,entier,
FheUint16,Egalite,0.122786558,2,entier,
FheUint16,Egalite,0.123839574,2,entier,
FheUint16,Egalite,0.122716618,2,entier,
FheUint16,Egalite,0.12361328,2,entier,
FheUint16,Inegalite,0.13245668,2,entier,
FheUint16,Inegalite,0.123759248,2,entier,
FheUint16,Inegalite,0.122361598,2,entier,
FheUint16,Inegalite,0.12153251,2,entier,
FheUint16,Inegalite,0.121696525,2,entier,
FheUint16,Inegalite,0.125164378,2,entier,
FheUint16,Inegalite,0.122314624,2,entier,
FheUint16,Inegalite,0.123395966,2,entier,
FheUint16,Inegalite,0.120909723,2,entier,
FheUint16,Inegalite,0.120996916,2,entier,
FheUint16,Superieur,0.120737028,2,entier,
FheUint16,Superieur,0.1226718099999999,2,entier,
FheUint16,Superieur,0.119197117,2,entier,
FheUint16,Superieur,0.126875468,2,entier,
FheUint16,Superieur,0.120071374,2,entier,
FheUint16,Superieur,0.120204642,2,entier,
FheUint16,Superieur,0.119391358,2,entier,
FheUint16,Superieur,0.119269105,2,entier,
FheUint16,Superieur,0.121847531,2,entier,
FheUint16,Superieur,0.119601503,2,entier,
FheUint16,Superieur ou egal,0.120411678,2,entier,
FheUint16,Superieur ou egal,0.120207532,2,entier,
FheUint16,Superieur ou egal,0.125280209,2,entier,
FheUint16,Superieur ou egal,0.129593535,2,entier,
FheUint16,Superieur ou egal,0.120762131,2,entier,
FheUint16,Superieur ou egal,0.119703516,2,entier,
FheUint16,Superieur ou egal,0.119686502,2,entier,
FheUint16,Superieur ou egal,0.131256251,2,entier,
FheUint16,Superieur ou egal,0.122119777,2,entier,
FheUint16,Superieur ou egal,0.122437174,2,entier,
FheUint8,Addition,0.137455059,2,entier,
FheUint8,Addition,0.120928907,2,entier,
FheUint8,Addition,0.1210275089999999,2,entier,
FheUint8,Addition,0.12854111,2,entier,
FheUint8,Addition,0.121923069,2,entier,
FheUint8,Addition,0.131086458,2,entier,
FheUint8,Addition,0.151437245,2,entier,
FheUint8,Addition,0.144131338,2,entier,
FheUint8,Addition,0.150680741,2,entier,
FheUint8,Addition,0.130181477,2,entier,
FheUint8,Soustraction,0.097629705,2,entier,
FheUint8,Soustraction,0.120766082,2,entier,
FheUint8,Soustraction,0.097556438,2,entier,
FheUint8,Soustraction,0.114028598,2,entier,
FheUint8,Soustraction,0.118312728,2,entier,
FheUint8,Soustraction,0.1270293499999999,2,entier,
FheUint8,Soustraction,0.097483129,2,entier,
FheUint8,Soustraction,0.1083055399999999,2,entier,
FheUint8,Soustraction,0.120661276,2,entier,
FheUint8,Soustraction,0.118767335,2,entier,
FheUint8,Multiplication,0.263427329,2,entier,
FheUint8,Multiplication,0.291716581,2,entier,
FheUint8,Multiplication,0.263787173,2,entier,
FheUint8,Multiplication,0.276587121,2,entier,
FheUint8,Multiplication,0.264213595,2,entier,
FheUint8,Multiplication,0.273263267,2,entier,
FheUint8,Multiplication,0.276087675,2,entier,
FheUint8,Multiplication,0.277248677,2,entier,
FheUint8,Multiplication,0.262603942,2,entier,
FheUint8,Multiplication,0.264127859,2,entier,
FheUint8,ET binaire,0.044321898,2,entier,
FheUint8,ET binaire,0.03234246,2,entier,
FheUint8,ET binaire,0.042490871,2,entier,
FheUint8,ET binaire,0.041472733,2,entier,
FheUint8,ET binaire,0.045708455,2,entier,
FheUint8,ET binaire,0.046175815,2,entier,
FheUint8,ET binaire,0.046795205,2,entier,
FheUint8,ET binaire,0.043226267,2,entier,
FheUint8,ET binaire,0.032311791,2,entier,
FheUint8,ET binaire,0.055448105,2,entier,
FheUint8,OU binaire,0.04514889,2,entier,
FheUint8,OU binaire,0.055319172,2,entier,
FheUint8,OU binaire,0.042604454,2,entier,
FheUint8,OU binaire,0.032429758,2,entier,
FheUint8,OU binaire,0.04146702,2,entier,
FheUint8,OU binaire,0.041475212,2,entier,
FheUint8,OU binaire,0.032321837,2,entier,
FheUint8,OU binaire,0.05526227,2,entier,
FheUint8,OU binaire,0.032351622,2,entier,
FheUint8,OU binaire,0.043640124,2,entier,
FheUint8,XOR binaire,0.041264984,2,entier,
FheUint8,XOR binaire,0.041780242,2,entier,
FheUint8,XOR binaire,0.032370584,2,entier,
FheUint8,XOR binaire,0.0324464079999999,2,entier,
FheUint8,XOR binaire,0.032361013,2,entier,
FheUint8,XOR binaire,0.032308691,2,entier,
FheUint8,XOR binaire,0.032267788,2,entier,
FheUint8,XOR binaire,0.038511347,2,entier,
FheUint8,XOR binaire,0.032372272,2,entier,
FheUint8,XOR binaire,0.052870121,2,entier,
FheUint8,Egalite,0.074466414,2,entier,
FheUint8,Egalite,0.083296662,2,entier,
FheUint8,Egalite,0.064902029,2,entier,
FheUint8,Egalite,0.064738105,2,entier,
FheUint8,Egalite,0.064790435,2,entier,
FheUint8,Egalite,0.064861594,2,entier,
FheUint8,Egalite,0.064845661,2,entier,
FheUint8,Egalite,0.065038909,2,entier,
FheUint8,Egalite,0.064877012,2,entier,
FheUint8,Egalite,0.080146593,2,entier,
FheUint8,Inegalite,0.087488416,2,entier,
FheUint8,Inegalite,0.0646863759999999,2,entier,
FheUint8,Inegalite,0.064735386,2,entier,
FheUint8,Inegalite,0.06467484,2,entier,
FheUint8,Inegalite,0.064958866,2,entier,
FheUint8,Inegalite,0.065007334,2,entier,
FheUint8,Inegalite,0.067302627,2,entier,
FheUint8,Inegalite,0.065027683,2,entier,
FheUint8,Inegalite,0.073996412,2,entier,
FheUint8,Inegalite,0.07432096,2,entier,
FheUint8,Superieur,0.070427702,2,entier,
FheUint8,Superieur,0.0647310099999999,2,entier,
FheUint8,Superieur,0.073916059,2,entier,
FheUint8,Superieur,0.064581038,2,entier,
FheUint8,Superieur,0.06479545,2,entier,
FheUint8,Superieur,0.064633188,2,entier,
FheUint8,Superieur,0.064690016,2,entier,
FheUint8,Superieur,0.082933095,2,entier,
FheUint8,Superieur,0.064965451,2,entier,
FheUint8,Superieur,0.064844058,2,entier,
FheUint8,Superieur ou egal,0.064978489,2,entier,
FheUint8,Superieur ou egal,0.064873411,2,entier,
FheUint8,Superieur ou egal,0.064505323,2,entier,
FheUint8,Superieur ou egal,0.064626117,2,entier,
FheUint8,Superieur ou egal,0.064635611,2,entier,
FheUint8,Superieur ou egal,0.064681373,2,entier,
FheUint8,Superieur ou egal,0.06500859,2,entier,
FheUint8,Superieur ou egal,0.089030107,2,entier,
FheUint8,Superieur ou egal,0.064896979,2,entier,
FheUint8,Superieur ou egal,0.064639354,2,entier,
FheUint8,Tri,492.597454725,128,entier,
FheUint8,Tri,463.35766,128,entier,
FheUint8,Tri,494.376896828,128,entier,
FheUint8,Tri,492.983279096,128,entier,
FheUint8,Tri,509.054829109,128,entier,
FheUint16,Tri,868.354357789,128,entier,
FheUint16,Tri,865.64718105,128,entier,
FheUint16,Tri,788.997356,128,entier,
FheUint16,Tri,772.701566983,128,entier,
FheUint16,Tri,868.424996656,128,entier,
FheUint32,Tri,1657.682316266,128,entier,
FheUint32,Tri,1659.087378604,128,entier,
FheUint32,Tri,1653.552829258,128,entier,
FheUint32,Tri,1653.305581617,128,entier,
FheUint32,Tri,1658.671621191,128,entier,
FheUint16,Tri,9.50718982,8,entier,
FheUint16,Tri,8.219421048,8,entier,
FheUint16,Tri,7.752415527,8,entier,
FheUint16,Tri,9.151265255,8,entier,
FheUint16,Tri,8.211237592,8,entier,
FheUint16,Tri,31.02569,16,entier,
FheUint16,Tri,38.626964973,16,entier,
FheUint16,Tri,39.925059754,16,entier,
FheUint16,Tri,37.238257,16,entier,
FheUint16,Tri,38.041224978,16,entier,
FheUint16,Tri,94.0028146,32,entier,
FheUint16,Tri,95.836891168,32,entier,
FheUint16,Tri,92.512519906,32,entier,
FheUint16,Tri,89.347876443,32,entier,
FheUint16,Tri,91.68204817,32,entier,
FheUint16,Tri,326.075007279,64,entier,
FheUint16,Tri,314.172398282,64,entier,
FheUint16,Tri,314.552468951,64,entier,
FheUint16,Tri,310.26732432,64,entier,
FheUint16,Tri,310.466652971,64,entier,
FheUint16,Tri,1951.293527154,256,entier,
FheUint16,Tri,1975.092035186,256,entier,
FheUint16,Tri,1947.298406265,256,entier,
FheUint16,Tri,2433.208522786,256,entier,
FheUint16,Tri,2592.274610662,256,entier,
FheUint16,Tri,5279.089673952,512,entier,
FheUint16,Tri,5268.269909512,512,entier,
FheUint16,Tri,5259.622713666,512,entier,
FheUint16,Tri,5261.313622265,512,entier,
FheUint16,Tri,5261.07216761,512,entier,
FheUint16,Tri,12904.720669649,1024,entier,
FheUint16,Tri,12958.983917329,1024,entier,
FheUint16,Tri,12918.682014053,1024,entier,
FheUint16,Tri,12909.669873946,1024,entier,
FheUint16,Tri,12922.679724008,1024,entier,
FheInt64,Programme Soustraction,1.908381838,2,flottant,1000.0
FheInt64,Programme Soustraction,1.642188214,2,flottant,1000.0
FheInt64,Programme Soustraction,1.634842959,2,flottant,1000.0
FheInt64,Programme Soustraction,1.67020125,2,flottant,1000.0
FheInt64,Programme Soustraction,1.600325109,2,flottant,1000.0
FheInt64,Programme Soustraction,2.020046279,2,flottant,1000000.0
FheInt64,Programme Soustraction,1.750317085,2,flottant,1000000.0
FheInt64,Programme Soustraction,1.763445279,2,flottant,1000000.0
FheInt64,Programme Soustraction,1.745604457,2,flottant,1000000.0
FheInt64,Programme Soustraction,1.753022024,2,flottant,1000000.0
FheInt64,Programme Soustraction,1.842572958,2,flottant,1000000000.0
FheInt64,Programme Soustraction,1.619567603,2,flottant,1000000000.0
FheInt64,Programme Soustraction,1.655862688,2,flottant,1000000000.0
FheInt64,Programme Soustraction,1.615858999,2,flottant,1000000000.0
FheInt64,Programme Soustraction,1.626094456,2,flottant,1000000000.0
FheInt64,Programme Addition,1.64344704,2,flottant,1000.0
FheInt64,Programme Addition,1.650223883,2,flottant,1000.0
FheInt64,Programme Addition,1.681553137,2,flottant,1000.0
FheInt64,Programme Addition,1.616895354,2,flottant,1000.0
FheInt64,Programme Addition,1.985445351,2,flottant,1000.0
FheInt64,Programme Addition,1.632965051,2,flottant,1000000.0
FheInt64,Programme Addition,1.611956251,2,flottant,1000000.0
FheInt64,Programme Addition,1.627865569,2,flottant,1000000.0
FheInt64,Programme Addition,1.615114356,2,flottant,1000000.0
FheInt64,Programme Addition,1.932107078,2,flottant,1000000.0
FheInt64,Programme Addition,1.613799088,2,flottant,1000000000.0
FheInt64,Programme Addition,1.602601851,2,flottant,1000000000.0
FheInt64,Programme Addition,1.611748727,2,flottant,1000000000.0
FheInt64,Programme Addition,1.887184678,2,flottant,1000000000.0
FheInt64,Programme Addition,1.649612482,2,flottant,1000000000.0
FheInt64,Programme Multiplication,14.617952748,2,flottant,1000.0
FheInt64,Programme Multiplication,14.3154316,2,flottant,1000.0
FheInt64,Programme Multiplication,14.084898612,2,flottant,1000.0
FheInt64,Programme Multiplication,14.157251803,2,flottant,1000.0
FheInt64,Programme Multiplication,14.125548792,2,flottant,1000.0
FheInt64,Programme Multiplication,15.139033772,2,flottant,1000000.0
FheInt64,Programme Multiplication,14.108600672,2,flottant,1000000.0
FheInt64,Programme Multiplication,14.095676867,2,flottant,1000000.0
FheInt64,Programme Multiplication,14.134606885,2,flottant,1000000.0
FheInt64,Programme Multiplication,14.024392967,2,flottant,1000000.0
FheInt64,Programme Multiplication,14.517999291,2,flottant,1000000000.0
FheInt64,Programme Multiplication,14.185083199,2,flottant,1000000000.0
FheInt64,Programme Multiplication,14.136733278,2,flottant,1000000000.0
FheInt64,Programme Multiplication,14.033281804,2,flottant,1000000000.0
FheInt64,Programme Multiplication,13.897482309,2,flottant,1000000000.0
FheInt64,Programme Division,80.221605416,2,flottant,1000.0
FheInt64,Programme Division,79.917327806,2,flottant,1000.0
FheInt64,Programme Division,79.896007971,2,flottant,1000.0
FheInt64,Programme Division,79.958110459,2,flottant,1000.0
FheInt64,Programme Division,80.552010119,2,flottant,1000.0
FheInt64,Programme Division,77.50155149,2,flottant,1000000.0
FheInt64,Programme Division,77.293961227,2,flottant,1000000.0
FheInt64,Programme Division,77.096195807,2,flottant,1000000.0
FheInt64,Programme Division,77.269648854,2,flottant,1000000.0
FheInt64,Programme Division,77.697803654,2,flottant,1000000.0
FheInt64,Programme Division,76.149657112,2,flottant,1000000000.0
FheInt64,Programme Division,78.607636896,2,flottant,1000000000.0
FheInt64,Programme Division,77.204391002,2,flottant,1000000000.0
FheInt64,Programme Division,77.131278328,2,flottant,1000000000.0
FheInt64,Programme Division,77.030498902,2,flottant,1000000000.0
FheUint64,Programme Soustraction,1.0927278894,2,entier,
FheUint64,Programme Soustraction,0.916204595,2,entier,
FheUint64,Programme Soustraction,0.94426907,2,entier,
FheUint64,Programme Soustraction,0.944478506,2,entier,
FheUint64,Programme Soustraction,1.094959,2,entier,
FheUint64,Programme Addition,1.21234,2,entier,
FheUint64,Programme Addition,0.939300841,2,entier,
FheUint64,Programme Addition,0.961347394,2,entier,
FheUint64,Programme Addition,0.936849397,2,entier,
FheUint64,Programme Addition,1.16240667,2,entier,
FheUint64,Programme Multiplication,9.365035345,2,entier,
FheUint64,Programme Multiplication,9.68697,2,entier,
FheUint64,Programme Multiplication,10.29425,2,entier,
FheUint64,Programme Multiplication,11.02237,2,entier,
FheUint64,Programme Multiplication,10.414547,2,entier,
FheUint64,Programme Division,49.460812,2,entier,
FheUint64,Programme Division,53.56574657,2,entier,
FheUint64,Programme Division,59.59715,2,entier,
FheUint64,Programme Division,81.1921048,2,entier,
FheUint64,Programme Division,85.62347777,2,entier,
